"ID";"Código";"Descrição";"Unidade";"NCM";"Origem";"Preço";"Valor IPI fixo";"Observações";"Situação";"Estoque";"Preço de custo";"Cód no fornecedor";"Fornecedor";"Localização";"Estoque maximo";"Estoque minimo";"Peso líquido (Kg)";"Peso bruto (Kg)";"GTIN/EAN";"GTIN/EAN da embalagem";"Largura do Produto";"Altura do Produto";"Profundidade do produto";"Data Validade";"Descrição do Produto no Fornecedor";"Descrição Complementar";"Unidade por Caixa";"Produto Variação";"Tipo Produção";"Classe de enquadramento do IPI";"Código da lista de serviços";"Tipo do item";"Grupo de Tags/Tags";"Tributos";"Código Pai";"Código Integração";"Grupo de produtos";"Marca";"CEST";"Volumes";"Descrição Curta";"Cross-Docking";"URL Imagens Externas";"Link Externo";"Meses Garantia no Fornecedor";"Clonar dados do pai";"Condição do produto";"Frete Grátis";"Número FCI";"Vídeo";"Departamento";"Unidade de medida";"Preço de compra";"Valor base ICMS ST para retenção";"Valor ICMS ST para retenção";"Valor ICMS próprio do substituto";"Categoria do produto";"Informações Adicionais";"modelo";"marca";"unidadesPorKit";"nome";"mlb1262";"mlb1262";"mlb1262";"mlb1262";"zonasDeAplicacaomlb1262";"marcamlb1262";"duracaoDoEfeitomlb1262";"eDermatologicamenteTestadomlb1262";"eUmProdutoHipoalergenicomlb1262";"condicaoDoItemmlb1262";"linhamlb1262";"tituloManualmlb1262";"modelomlb1262";"nomemlb1262";"tipoDeEmbalagemmlb1262";"consistenciamlb1262";"funcoesDoProdutomlb1262";"formatoDeVendamlb1262";"skumlb1262";"tipoDePelemlb1262";"unidadesPorKitmlb1262";"volumeDaUnidademlb1262";"pesoDaUnidademlb1262"
"16549957338";"PA.1623	";"BANDAGEM ELASTICA ADESIVA MISSNER 5 CM X 5 M PRETO";"UN";"3005.10.90";"1";"20,240";"0,00";"";"Ativo";"0,0000000000";"20,240";"	PA.1623";"MISSNER & MISSNER LTDA";"";"0,00";"0,00";"0,00";"0,00";"	7896544927377";"	7896544927377";"0.00";"0.00";"0.00";"";"BANDAGEM ELASTICA ADESIVA MISSNER 5 CM X 5 M PRETO";"";"0,00";"";"Terceiros";"";"";"";"";"0,00";"	";"0";"";"";"13.011.00";"0";"";"0";"	";"";"0";"NÃO";"NOVO";"NÃO";"";"";"";"Centímetro";"20,240";"0,0000";"0,0000";"0,0000";"";"";"";"";"";"";"";"";"";"";"";"";"";"";"";"";"";"";"";"";"";"";"";"";"";"";"";"";""
"16344687496";"CIEX.01	";"BOBINA P/ ESTERILIZACAO 120mmX100m";"RL";"4819.50.00";"1";"35,160";"0,00";"";"Ativo";"2,0000000000";"35,160";"	0017000010";"CIEX DO BRASIL IND E COM DE PROD CIRURG LTDA";"";"0,00";"0,00";"0,00";"0,00";"	7899957103437";"	7899957103437";"0.00";"0.00";"0.00";"";"BOBINA P/ ESTERILIZACAO 120mmX100m 032401ET";"";"0,00";"";"Terceiros";"";"";"";"";"0,00";"	";"0";"";"CIEX";"";"0";"";"0";"	";"";"0";"NÃO";"NOVO";"NÃO";"";"";"";"Centímetro";"35,160";"0,0000";"0,0000";"0,0000";"";"";"";"";"";"";"";"";"";"";"";"";"";"";"";"";"";"";"";"";"";"";"";"";"";"";"";"";""
"16344687494";"CIEX.02	";"BOBINA P/ ESTERILIZACAO 80mmX100m";"RL";"4819.50.00";"1";"23,440";"0,00";"";"Ativo";"0,0000000000";"23,440";"	0017000008";"CIEX DO BRASIL IND E COM DE PROD CIRURG LTDA";"";"0,00";"0,00";"0,00";"0,00";"	7899957103413";"	7899957103413";"0.00";"0.00";"0.00";"";"BOBINA P/ ESTERILIZACAO 80mmX100m 032401ET";"";"0,00";"";"Terceiros";"";"";"";"";"0,00";"	";"0";"";"CIEX";"";"0";"";"0";"	";"";"0";"NÃO";"NOVO";"NÃO";"";"";"";"Centímetro";"23,440";"0,0000";"0,0000";"0,0000";"";"";"";"";"";"";"";"";"";"";"";"";"";"";"";"";"";"";"";"";"";"";"";"";"";"";"";"";""
"16364812730";"RSM.19	";"CAPA COLCHAO CASAL";"UN";"6302.10.00";"1";"189,890";"0,00";"";"Ativo";"16,0000000000";"189,890";"	19";"RS MED LTDA";"";"0,00";"0,00";"0,00";"0,00";"	";"	";"0.00";"0.00";"0.00";"";"CAPA COLCHAO CASAL";"";"0,00";"";"Terceiros";"";"";"";"";"0,00";"	";"0";"";"";"28.039.00";"0";"";"0";"	";"";"0";"NÃO";"NOVO";"NÃO";"";"";"";"Centímetro";"189,890";"0,0000";"0,0000";"0,0000";"";"";"";"";"";"";"";"";"";"";"";"";"";"";"";"";"";"";"";"";"";"";"";"";"";"";"";"";""
"16364812731";"RSM.23	";"CAPA COLCHAO CASAL ESPECIAL";"UN";"6302.10.00";"1";"205,350";"0,00";"";"Ativo";"3,0000000000";"205,350";"	23";"RS MED LTDA";"";"0,00";"0,00";"0,00";"0,00";"	";"	";"0.00";"0.00";"0.00";"";"CAPA COLCHAO CASAL ESPECIAL";"";"0,00";"";"Terceiros";"";"";"";"";"0,00";"	";"0";"";"";"";"0";"";"0";"	";"";"0";"NÃO";"NOVO";"NÃO";"";"";"";"Centímetro";"205,350";"0,0000";"0,0000";"0,0000";"";"";"";"";"";"";"";"";"";"";"";"";"";"";"";"";"";"";"";"";"";"";"";"";"";"";"";"";""
"16339110771";"RSM.99	";"CAPA COLCHAO KING ESPECIAL";"UN";"6302.10.00";"1";"0,000";"0,00";"";"Ativo";"1,0000000000";"251,100";"	99";"RS MED LTDA";"";"0,00";"0,00";"0,00";"0,00";"	";"	";"0.00";"0.00";"0.00";"";"CAPA COLCHAO KING ESPECIAL";"";"0,00";"";"Terceiros";"";"";"";"";"0,00";"	";"0";"";"RSMED";"";"0";"";"0";"	";"";"0";"NÃO";"NOVO";"NÃO";"";"";"";"Centímetro";"251,100";"0,0000";"0,0000";"0,0000";"";"";"";"";"";"";"";"";"";"";"";"";"";"";"";"";"";"";"";"";"";"";"";"";"";"";"";"";""
"16364812727";"RSM.17	";"CAPA COLCHAO SOLTEIRO";"UN";"6302.10.00";"1";"152,970";"0,00";"";"Ativo";"5,0000000000";"152,970";"	17";"RS MED LTDA";"";"0,00";"0,00";"0,00";"0,00";"	";"	";"0.00";"0.00";"0.00";"";"CAPA COLCHAO SOLTEIRO";"";"0,00";"";"Terceiros";"";"";"";"";"0,00";"	";"0";"";"";"";"0";"";"0";"	";"";"0";"NÃO";"NOVO";"NÃO";"";"";"";"Centímetro";"152,970";"0,0000";"0,0000";"0,0000";"";"";"";"";"";"";"";"";"";"";"";"";"";"";"";"";"";"";"";"";"";"";"";"";"";"";"";"";""
"16364812729";"RSM.18	";"CAPA COLCHAO SOLTEIRO LONGO";"UN";"6302.10.00";"1";"161,270";"0,00";"";"Ativo";"2,0000000000";"161,270";"	18";"RS MED LTDA";"";"0,00";"0,00";"0,00";"0,00";"	";"	";"0.00";"0.00";"0.00";"";"CAPA COLCHAO SOLTEIRO LONGO";"";"0,00";"";"Terceiros";"";"";"";"";"0,00";"	";"0";"";"";"28.039.00";"0";"";"0";"	";"";"0";"NÃO";"NOVO";"NÃO";"";"";"";"Centímetro";"161,270";"0,0000";"0,0000";"0,0000";"";"";"";"";"";"";"";"";"";"";"";"";"";"";"";"";"";"";"";"";"";"";"";"";"";"";"";"";""
"16364812726";"RSM.13	";"CAPA TRAVESSEIRO ADULTO";"UN";"6302.10.00";"1";"26,580";"0,00";"";"Ativo";"13,0000000000";"26,580";"	13";"RS MED LTDA";"";"0,00";"0,00";"0,00";"0,00";"	";"	";"0.00";"0.00";"0.00";"";"CAPA TRAVESSEIRO ADULTO";"";"0,00";"";"Terceiros";"";"";"";"";"0,00";"	";"0";"";"";"28.039.00";"0";"";"0";"	";"";"0";"NÃO";"NOVO";"NÃO";"";"";"";"Centímetro";"26,580";"0,0000";"0,0000";"0,0000";"";"";"";"";"";"";"";"";"";"";"";"";"";"";"";"";"";"";"";"";"";"";"";"";"";"";"";"";""
"16390102308";"	";"CLORIN 1 CX 300 CARTELAS 50 DISPLAYS";"UN";"3808.99.19";"0";"1.713,360";"0,00";"";"Ativo";"50,0000000000";"1.713,360";"	401009";"GLOBAL TABS S.A.";"";"0,00";"0,00";"0,00";"0,00";"	37897101400105";"	37897101400105";"0.00";"0.00";"0.00";"";"CLORIN 1 CX 300 CARTELAS 50 DISPLAYS";"";"0,00";"";"Terceiros";"";"";"";"";"0,00";"	";"0";"";"";"";"0";"";"0";"	";"";"0";"NÃO";"NOVO";"NÃO";"";"";"";"Centímetro";"1.713,360";"0,0000";"0,0000";"0,0000";"";"";"";"";"";"";"";"";"";"";"";"";"";"";"";"";"";"";"";"";"";"";"";"";"";"";"";"";""
"16561184650";"CLORIN	";"Clorin Purificação Potabilizador de Água para Consumo Humano";"";"3808.94.19";"0";"19,990";"0,00";"";"Ativo";"15,0000000000";"0,000";"	";"";"";"0,00";"0,00";"0,01";"0,01";"	";"	";"11.00";"18.00";"5.00";"";"";"<h1 style=""box-sizing: border-box; font-size: 24px; margin: 0px 0px 0px 16px; font-family: Gilroy; color: #495769; padding: 0px; letter-spacing: 0.5px;""><span id=""nomeProdutoHeader"" style=""box-sizing: border-box;"">Clorin Purificação Potabilizador de Água para Consumo Humano</span></h1>";"0,00";"";"Terceiros";"";"";"";"";"0,00";"	";"0";"";"Clorin";"28.063.00";"0";"<p class=""QN2lPu"" style=""color: rgba(0, 0, 0, 0.8); font-family: Roboto, SHPBurmese, SHPKhmer, 'Helvetica Neue', Helvetica, Arial, 文泉驛正黑, 'WenQuanYi Zen Hei', 'Hiragino Sans GB', '儷黑 Pro', 'LiHei Pro', 'Heiti TC', 微軟正黑體, 'Microsoft JhengHei UI', 'Microsoft JhengHei', sans-serif; white-space-collapse: preserve;"">PURIFICADOR DE ÁGUA PARA CONSUMO HUMANO.</p>
<p class=""QN2lPu"" style=""color: rgba(0, 0, 0, 0.8); font-family: Roboto, SHPBurmese, SHPKhmer, 'Helvetica Neue', Helvetica, Arial, 文泉驛正黑, 'WenQuanYi Zen Hei', 'Hiragino Sans GB', '儷黑 Pro', 'LiHei Pro', 'Heiti TC', 微軟正黑體, 'Microsoft JhengHei UI', 'Microsoft JhengHei', sans-serif; white-space-collapse: preserve;""> </p>
<p class=""QN2lPu"" style=""color: rgba(0, 0, 0, 0.8); font-family: Roboto, SHPBurmese, SHPKhmer, 'Helvetica Neue', Helvetica, Arial, 文泉驛正黑, 'WenQuanYi Zen Hei', 'Hiragino Sans GB', '儷黑 Pro', 'LiHei Pro', 'Heiti TC', 微軟正黑體, 'Microsoft JhengHei UI', 'Microsoft JhengHei', sans-serif; white-space-collapse: preserve;"">1 PASTILHA – 15 MINUTOS – 1 LITRO DE ÁGUA POTÁVEL DE QUALQUER FONTE, EM QUALQUER LUGAR.</p>
<p class=""QN2lPu"" style=""color: rgba(0, 0, 0, 0.8); font-family: Roboto, SHPBurmese, SHPKhmer, 'Helvetica Neue', Helvetica, Arial, 文泉驛正黑, 'WenQuanYi Zen Hei', 'Hiragino Sans GB', '儷黑 Pro', 'LiHei Pro', 'Heiti TC', 微軟正黑體, 'Microsoft JhengHei UI', 'Microsoft JhengHei', sans-serif; white-space-collapse: preserve;""> </p>
<p class=""QN2lPu"" style=""color: rgba(0, 0, 0, 0.8); font-family: Roboto, SHPBurmese, SHPKhmer, 'Helvetica Neue', Helvetica, Arial, 文泉驛正黑, 'WenQuanYi Zen Hei', 'Hiragino Sans GB', '儷黑 Pro', 'LiHei Pro', 'Heiti TC', 微軟正黑體, 'Microsoft JhengHei UI', 'Microsoft JhengHei', sans-serif; white-space-collapse: preserve;"">CADA EMBALAGEM CONTÉM 10 PASTILHAS.</p>
<p class=""QN2lPu"" style=""color: rgba(0, 0, 0, 0.8); font-family: Roboto, SHPBurmese, SHPKhmer, 'Helvetica Neue', Helvetica, Arial, 文泉驛正黑, 'WenQuanYi Zen Hei', 'Hiragino Sans GB', '儷黑 Pro', 'LiHei Pro', 'Heiti TC', 微軟正黑體, 'Microsoft JhengHei UI', 'Microsoft JhengHei', sans-serif; white-space-collapse: preserve;""> </p>
<p class=""QN2lPu"" style=""color: rgba(0, 0, 0, 0.8); font-family: Roboto, SHPBurmese, SHPKhmer, 'Helvetica Neue', Helvetica, Arial, 文泉驛正黑, 'WenQuanYi Zen Hei', 'Hiragino Sans GB', '儷黑 Pro', 'LiHei Pro', 'Heiti TC', 微軟正黑體, 'Microsoft JhengHei UI', 'Microsoft JhengHei', sans-serif; white-space-collapse: preserve;"">Pastilhas de ação germicida, indicadas para tornar a água segura e potável para consumo humano em ocasiões onde haja indisponibilidade de água tratada ou falta de confiança na qualidade da água.</p>
<p class=""QN2lPu"" style=""color: rgba(0, 0, 0, 0.8); font-family: Roboto, SHPBurmese, SHPKhmer, 'Helvetica Neue', Helvetica, Arial, 文泉驛正黑, 'WenQuanYi Zen Hei', 'Hiragino Sans GB', '儷黑 Pro', 'LiHei Pro', 'Heiti TC', 微軟正黑體, 'Microsoft JhengHei UI', 'Microsoft JhengHei', sans-serif; white-space-collapse: preserve;""> </p>
<p class=""QN2lPu"" style=""color: rgba(0, 0, 0, 0.8); font-family: Roboto, SHPBurmese, SHPKhmer, 'Helvetica Neue', Helvetica, Arial, 文泉驛正黑, 'WenQuanYi Zen Hei', 'Hiragino Sans GB', '儷黑 Pro', 'LiHei Pro', 'Heiti TC', 微軟正黑體, 'Microsoft JhengHei UI', 'Microsoft JhengHei', sans-serif; white-space-collapse: preserve;"">Formulada a partir de um derivado clorado orgânico, cada pastilha torna potável de 500ml a 1 litro de água proveniente de qualquer fonte, como poços, riachos e mananciais, sendo ideal para o uso em camping, ecoturismo, caminhadas e atividades náuticas, militares e esportivas ao ar livre. Não altera o sabor, odor ou cor da água a ser consumida.</p>
<p class=""QN2lPu"" style=""color: rgba(0, 0, 0, 0.8); font-family: Roboto, SHPBurmese, SHPKhmer, 'Helvetica Neue', Helvetica, Arial, 文泉驛正黑, 'WenQuanYi Zen Hei', 'Hiragino Sans GB', '儷黑 Pro', 'LiHei Pro', 'Heiti TC', 微軟正黑體, 'Microsoft JhengHei UI', 'Microsoft JhengHei', sans-serif; white-space-collapse: preserve;""> </p>
<p class=""QN2lPu"" style=""color: rgba(0, 0, 0, 0.8); font-family: Roboto, SHPBurmese, SHPKhmer, 'Helvetica Neue', Helvetica, Arial, 文泉驛正黑, 'WenQuanYi Zen Hei', 'Hiragino Sans GB', '儷黑 Pro', 'LiHei Pro', 'Heiti TC', 微軟正黑體, 'Microsoft JhengHei UI', 'Microsoft JhengHei', sans-serif; white-space-collapse: preserve;"">O uso doméstico regular garante a saúde da família, eliminando o risco de se contrair as doenças transmitidas pelas bactérias testadas.</p>
<p class=""QN2lPu"" style=""color: rgba(0, 0, 0, 0.8); font-family: Roboto, SHPBurmese, SHPKhmer, 'Helvetica Neue', Helvetica, Arial, 文泉驛正黑, 'WenQuanYi Zen Hei', 'Hiragino Sans GB', '儷黑 Pro', 'LiHei Pro', 'Heiti TC', 微軟正黑體, 'Microsoft JhengHei UI', 'Microsoft JhengHei', sans-serif; white-space-collapse: preserve;""> </p>
<p class=""QN2lPu"" style=""color: rgba(0, 0, 0, 0.8); font-family: Roboto, SHPBurmese, SHPKhmer, 'Helvetica Neue', Helvetica, Arial, 文泉驛正黑, 'WenQuanYi Zen Hei', 'Hiragino Sans GB', '儷黑 Pro', 'LiHei Pro', 'Heiti TC', 微軟正黑體, 'Microsoft JhengHei UI', 'Microsoft JhengHei', sans-serif; white-space-collapse: preserve;"">Modo de Usar:</p>
<p class=""QN2lPu"" style=""color: rgba(0, 0, 0, 0.8); font-family: Roboto, SHPBurmese, SHPKhmer, 'Helvetica Neue', Helvetica, Arial, 文泉驛正黑, 'WenQuanYi Zen Hei', 'Hiragino Sans GB', '儷黑 Pro', 'LiHei Pro', 'Heiti TC', 微軟正黑體, 'Microsoft JhengHei UI', 'Microsoft JhengHei', sans-serif; white-space-collapse: preserve;""> </p>
<p class=""QN2lPu"" style=""color: rgba(0, 0, 0, 0.8); font-family: Roboto, SHPBurmese, SHPKhmer, 'Helvetica Neue', Helvetica, Arial, 文泉驛正黑, 'WenQuanYi Zen Hei', 'Hiragino Sans GB', '儷黑 Pro', 'LiHei Pro', 'Heiti TC', 微軟正黑體, 'Microsoft JhengHei UI', 'Microsoft JhengHei', sans-serif; white-space-collapse: preserve;"">- Coloque 1 pastilha em recipiente contendo de 500ml a 1 litro de água;</p>
<p class=""QN2lPu"" style=""color: rgba(0, 0, 0, 0.8); font-family: Roboto, SHPBurmese, SHPKhmer, 'Helvetica Neue', Helvetica, Arial, 文泉驛正黑, 'WenQuanYi Zen Hei', 'Hiragino Sans GB', '儷黑 Pro', 'LiHei Pro', 'Heiti TC', 微軟正黑體, 'Microsoft JhengHei UI', 'Microsoft JhengHei', sans-serif; white-space-collapse: preserve;""> </p>
<p class=""QN2lPu"" style=""color: rgba(0, 0, 0, 0.8); font-family: Roboto, SHPBurmese, SHPKhmer, 'Helvetica Neue', Helvetica, Arial, 文泉驛正黑, 'WenQuanYi Zen Hei', 'Hiragino Sans GB', '儷黑 Pro', 'LiHei Pro', 'Heiti TC', 微軟正黑體, 'Microsoft JhengHei UI', 'Microsoft JhengHei', sans-serif; white-space-collapse: preserve;"">- Aguarde 15 minutos;</p>
<p class=""QN2lPu"" style=""color: rgba(0, 0, 0, 0.8); font-family: Roboto, SHPBurmese, SHPKhmer, 'Helvetica Neue', Helvetica, Arial, 文泉驛正黑, 'WenQuanYi Zen Hei', 'Hiragino Sans GB', '儷黑 Pro', 'LiHei Pro', 'Heiti TC', 微軟正黑體, 'Microsoft JhengHei UI', 'Microsoft JhengHei', sans-serif; white-space-collapse: preserve;""> </p>
<p class=""QN2lPu"" style=""color: rgba(0, 0, 0, 0.8); font-family: Roboto, SHPBurmese, SHPKhmer, 'Helvetica Neue', Helvetica, Arial, 文泉驛正黑, 'WenQuanYi Zen Hei', 'Hiragino Sans GB', '儷黑 Pro', 'LiHei Pro', 'Heiti TC', 微軟正黑體, 'Microsoft JhengHei UI', 'Microsoft JhengHei', sans-serif; white-space-collapse: preserve;"">- Está pronta para beber!</p>
<p class=""QN2lPu"" style=""color: rgba(0, 0, 0, 0.8); font-family: Roboto, SHPBurmese, SHPKhmer, 'Helvetica Neue', Helvetica, Arial, 文泉驛正黑, 'WenQuanYi Zen Hei', 'Hiragino Sans GB', '儷黑 Pro', 'LiHei Pro', 'Heiti TC', 微軟正黑體, 'Microsoft JhengHei UI', 'Microsoft JhengHei', sans-serif; white-space-collapse: preserve;""> </p>
<p class=""QN2lPu"" style=""color: rgba(0, 0, 0, 0.8); font-family: Roboto, SHPBurmese, SHPKhmer, 'Helvetica Neue', Helvetica, Arial, 文泉驛正黑, 'WenQuanYi Zen Hei', 'Hiragino Sans GB', '儷黑 Pro', 'LiHei Pro', 'Heiti TC', 微軟正黑體, 'Microsoft JhengHei UI', 'Microsoft JhengHei', sans-serif; white-space-collapse: preserve;""> </p>
<p class=""QN2lPu"" style=""color: rgba(0, 0, 0, 0.8); font-family: Roboto, SHPBurmese, SHPKhmer, 'Helvetica Neue', Helvetica, Arial, 文泉驛正黑, 'WenQuanYi Zen Hei', 'Hiragino Sans GB', '儷黑 Pro', 'LiHei Pro', 'Heiti TC', 微軟正黑體, 'Microsoft JhengHei UI', 'Microsoft JhengHei', sans-serif; white-space-collapse: preserve;"">Princípio Ativo: Dicloro-S-Triazinetrione de Sódio. Teor ativo: 1,01% em cloro ativo.</p>
<p class=""QN2lPu"" style=""color: rgba(0, 0, 0, 0.8); font-family: Roboto, SHPBurmese, SHPKhmer, 'Helvetica Neue', Helvetica, Arial, 文泉驛正黑, 'WenQuanYi Zen Hei', 'Hiragino Sans GB', '儷黑 Pro', 'LiHei Pro', 'Heiti TC', 微軟正黑體, 'Microsoft JhengHei UI', 'Microsoft JhengHei', sans-serif; white-space-collapse: preserve;""> </p>
<p class=""QN2lPu"" style=""color: rgba(0, 0, 0, 0.8); font-family: Roboto, SHPBurmese, SHPKhmer, 'Helvetica Neue', Helvetica, Arial, 文泉驛正黑, 'WenQuanYi Zen Hei', 'Hiragino Sans GB', '儷黑 Pro', 'LiHei Pro', 'Heiti TC', 微軟正黑體, 'Microsoft JhengHei UI', 'Microsoft JhengHei', sans-serif; white-space-collapse: preserve;""> </p>
<p class=""QN2lPu"" style=""color: rgba(0, 0, 0, 0.8); font-family: Roboto, SHPBurmese, SHPKhmer, 'Helvetica Neue', Helvetica, Arial, 文泉驛正黑, 'WenQuanYi Zen Hei', 'Hiragino Sans GB', '儷黑 Pro', 'LiHei Pro', 'Heiti TC', 微軟正黑體, 'Microsoft JhengHei UI', 'Microsoft JhengHei', sans-serif; white-space-collapse: preserve;"">Validade: 3 anos a partir da data de fabricação.</p>
<p class=""QN2lPu"" style=""color: rgba(0, 0, 0, 0.8); font-family: Roboto, SHPBurmese, SHPKhmer, 'Helvetica Neue', Helvetica, Arial, 文泉驛正黑, 'WenQuanYi Zen Hei', 'Hiragino Sans GB', '儷黑 Pro', 'LiHei Pro', 'Heiti TC', 微軟正黑體, 'Microsoft JhengHei UI', 'Microsoft JhengHei', sans-serif; white-space-collapse: preserve;""> </p>
<p class=""QN2lPu"" style=""color: rgba(0, 0, 0, 0.8); font-family: Roboto, SHPBurmese, SHPKhmer, 'Helvetica Neue', Helvetica, Arial, 文泉驛正黑, 'WenQuanYi Zen Hei', 'Hiragino Sans GB', '儷黑 Pro', 'LiHei Pro', 'Heiti TC', 微軟正黑體, 'Microsoft JhengHei UI', 'Microsoft JhengHei', sans-serif; white-space-collapse: preserve;"">Registro M.S.: 3.1243.0009</p>";"0";"	";"";"";"NÃO";"NOVO";"NÃO";"";"";"";"Centímetro";"0,000";"0,0000";"0,0000";"0,0000";"Mercado Livre>>Esportes e Fitness>>Camping, Caça e Pesca>>Acessórios de Camping>>Recipientes Térmicos>>Cantil";"";"Pastilha,Elimina Doenças,Bactérias";"Clorin,Água Potável";"";"";"";"";"";"";"";"";"";"";"";"";"";"";"";"";"";"";"";"";"";"";"";"";""
"16561192282";"CLORINSALAD	";"Clorin Salad Desinfetante de Alimentos Bactericida Frutas";"";"";"0";"20,990";"0,00";"";"Ativo";"15,0000000000";"0,000";"	";"";"";"0,00";"0,00";"0,01";"0,01";"	";"	";"11.00";"18.00";"5.00";"";"";"<h1 style=""box-sizing: border-box; font-size: 24px; margin: 0px 0px 0px 16px; font-family: Gilroy; color: #495769; padding: 0px; letter-spacing: 0.5px;""><span id=""nomeProdutoHeader"" style=""box-sizing: border-box;"">Clorin Purificação Potabilizador de Água para Consumo Humano</span></h1>";"0,00";"";"Terceiros";"";"";"";"";"0,00";"	";"0";"";"Clorin";"";"0";"<p class=""QN2lPu"" style=""color: rgba(0, 0, 0, 0.8); font-family: Roboto, SHPBurmese, SHPKhmer, 'Helvetica Neue', Helvetica, Arial, 文泉驛正黑, 'WenQuanYi Zen Hei', 'Hiragino Sans GB', '儷黑 Pro', 'LiHei Pro', 'Heiti TC', 微軟正黑體, 'Microsoft JhengHei UI', 'Microsoft JhengHei', sans-serif; white-space-collapse: preserve;"">PURIFICADOR DE ÁGUA PARA CONSUMO HUMANO.</p>
<p class=""QN2lPu"" style=""color: rgba(0, 0, 0, 0.8); font-family: Roboto, SHPBurmese, SHPKhmer, 'Helvetica Neue', Helvetica, Arial, 文泉驛正黑, 'WenQuanYi Zen Hei', 'Hiragino Sans GB', '儷黑 Pro', 'LiHei Pro', 'Heiti TC', 微軟正黑體, 'Microsoft JhengHei UI', 'Microsoft JhengHei', sans-serif; white-space-collapse: preserve;""> </p>
<p class=""QN2lPu"" style=""color: rgba(0, 0, 0, 0.8); font-family: Roboto, SHPBurmese, SHPKhmer, 'Helvetica Neue', Helvetica, Arial, 文泉驛正黑, 'WenQuanYi Zen Hei', 'Hiragino Sans GB', '儷黑 Pro', 'LiHei Pro', 'Heiti TC', 微軟正黑體, 'Microsoft JhengHei UI', 'Microsoft JhengHei', sans-serif; white-space-collapse: preserve;"">1 PASTILHA – 15 MINUTOS – 1 LITRO DE ÁGUA POTÁVEL DE QUALQUER FONTE, EM QUALQUER LUGAR.</p>
<p class=""QN2lPu"" style=""color: rgba(0, 0, 0, 0.8); font-family: Roboto, SHPBurmese, SHPKhmer, 'Helvetica Neue', Helvetica, Arial, 文泉驛正黑, 'WenQuanYi Zen Hei', 'Hiragino Sans GB', '儷黑 Pro', 'LiHei Pro', 'Heiti TC', 微軟正黑體, 'Microsoft JhengHei UI', 'Microsoft JhengHei', sans-serif; white-space-collapse: preserve;""> </p>
<p class=""QN2lPu"" style=""color: rgba(0, 0, 0, 0.8); font-family: Roboto, SHPBurmese, SHPKhmer, 'Helvetica Neue', Helvetica, Arial, 文泉驛正黑, 'WenQuanYi Zen Hei', 'Hiragino Sans GB', '儷黑 Pro', 'LiHei Pro', 'Heiti TC', 微軟正黑體, 'Microsoft JhengHei UI', 'Microsoft JhengHei', sans-serif; white-space-collapse: preserve;"">CADA EMBALAGEM CONTÉM 10 PASTILHAS.</p>
<p class=""QN2lPu"" style=""color: rgba(0, 0, 0, 0.8); font-family: Roboto, SHPBurmese, SHPKhmer, 'Helvetica Neue', Helvetica, Arial, 文泉驛正黑, 'WenQuanYi Zen Hei', 'Hiragino Sans GB', '儷黑 Pro', 'LiHei Pro', 'Heiti TC', 微軟正黑體, 'Microsoft JhengHei UI', 'Microsoft JhengHei', sans-serif; white-space-collapse: preserve;""> </p>
<p class=""QN2lPu"" style=""color: rgba(0, 0, 0, 0.8); font-family: Roboto, SHPBurmese, SHPKhmer, 'Helvetica Neue', Helvetica, Arial, 文泉驛正黑, 'WenQuanYi Zen Hei', 'Hiragino Sans GB', '儷黑 Pro', 'LiHei Pro', 'Heiti TC', 微軟正黑體, 'Microsoft JhengHei UI', 'Microsoft JhengHei', sans-serif; white-space-collapse: preserve;"">Pastilhas de ação germicida, indicadas para tornar a água segura e potável para consumo humano em ocasiões onde haja indisponibilidade de água tratada ou falta de confiança na qualidade da água.</p>
<p class=""QN2lPu"" style=""color: rgba(0, 0, 0, 0.8); font-family: Roboto, SHPBurmese, SHPKhmer, 'Helvetica Neue', Helvetica, Arial, 文泉驛正黑, 'WenQuanYi Zen Hei', 'Hiragino Sans GB', '儷黑 Pro', 'LiHei Pro', 'Heiti TC', 微軟正黑體, 'Microsoft JhengHei UI', 'Microsoft JhengHei', sans-serif; white-space-collapse: preserve;""> </p>
<p class=""QN2lPu"" style=""color: rgba(0, 0, 0, 0.8); font-family: Roboto, SHPBurmese, SHPKhmer, 'Helvetica Neue', Helvetica, Arial, 文泉驛正黑, 'WenQuanYi Zen Hei', 'Hiragino Sans GB', '儷黑 Pro', 'LiHei Pro', 'Heiti TC', 微軟正黑體, 'Microsoft JhengHei UI', 'Microsoft JhengHei', sans-serif; white-space-collapse: preserve;"">Formulada a partir de um derivado clorado orgânico, cada pastilha torna potável de 500ml a 1 litro de água proveniente de qualquer fonte, como poços, riachos e mananciais, sendo ideal para o uso em camping, ecoturismo, caminhadas e atividades náuticas, militares e esportivas ao ar livre. Não altera o sabor, odor ou cor da água a ser consumida.</p>
<p class=""QN2lPu"" style=""color: rgba(0, 0, 0, 0.8); font-family: Roboto, SHPBurmese, SHPKhmer, 'Helvetica Neue', Helvetica, Arial, 文泉驛正黑, 'WenQuanYi Zen Hei', 'Hiragino Sans GB', '儷黑 Pro', 'LiHei Pro', 'Heiti TC', 微軟正黑體, 'Microsoft JhengHei UI', 'Microsoft JhengHei', sans-serif; white-space-collapse: preserve;""> </p>
<p class=""QN2lPu"" style=""color: rgba(0, 0, 0, 0.8); font-family: Roboto, SHPBurmese, SHPKhmer, 'Helvetica Neue', Helvetica, Arial, 文泉驛正黑, 'WenQuanYi Zen Hei', 'Hiragino Sans GB', '儷黑 Pro', 'LiHei Pro', 'Heiti TC', 微軟正黑體, 'Microsoft JhengHei UI', 'Microsoft JhengHei', sans-serif; white-space-collapse: preserve;"">O uso doméstico regular garante a saúde da família, eliminando o risco de se contrair as doenças transmitidas pelas bactérias testadas.</p>
<p class=""QN2lPu"" style=""color: rgba(0, 0, 0, 0.8); font-family: Roboto, SHPBurmese, SHPKhmer, 'Helvetica Neue', Helvetica, Arial, 文泉驛正黑, 'WenQuanYi Zen Hei', 'Hiragino Sans GB', '儷黑 Pro', 'LiHei Pro', 'Heiti TC', 微軟正黑體, 'Microsoft JhengHei UI', 'Microsoft JhengHei', sans-serif; white-space-collapse: preserve;""> </p>
<p class=""QN2lPu"" style=""color: rgba(0, 0, 0, 0.8); font-family: Roboto, SHPBurmese, SHPKhmer, 'Helvetica Neue', Helvetica, Arial, 文泉驛正黑, 'WenQuanYi Zen Hei', 'Hiragino Sans GB', '儷黑 Pro', 'LiHei Pro', 'Heiti TC', 微軟正黑體, 'Microsoft JhengHei UI', 'Microsoft JhengHei', sans-serif; white-space-collapse: preserve;"">Modo de Usar:</p>
<p class=""QN2lPu"" style=""color: rgba(0, 0, 0, 0.8); font-family: Roboto, SHPBurmese, SHPKhmer, 'Helvetica Neue', Helvetica, Arial, 文泉驛正黑, 'WenQuanYi Zen Hei', 'Hiragino Sans GB', '儷黑 Pro', 'LiHei Pro', 'Heiti TC', 微軟正黑體, 'Microsoft JhengHei UI', 'Microsoft JhengHei', sans-serif; white-space-collapse: preserve;""> </p>
<p class=""QN2lPu"" style=""color: rgba(0, 0, 0, 0.8); font-family: Roboto, SHPBurmese, SHPKhmer, 'Helvetica Neue', Helvetica, Arial, 文泉驛正黑, 'WenQuanYi Zen Hei', 'Hiragino Sans GB', '儷黑 Pro', 'LiHei Pro', 'Heiti TC', 微軟正黑體, 'Microsoft JhengHei UI', 'Microsoft JhengHei', sans-serif; white-space-collapse: preserve;"">- Coloque 1 pastilha em recipiente contendo de 500ml a 1 litro de água;</p>
<p class=""QN2lPu"" style=""color: rgba(0, 0, 0, 0.8); font-family: Roboto, SHPBurmese, SHPKhmer, 'Helvetica Neue', Helvetica, Arial, 文泉驛正黑, 'WenQuanYi Zen Hei', 'Hiragino Sans GB', '儷黑 Pro', 'LiHei Pro', 'Heiti TC', 微軟正黑體, 'Microsoft JhengHei UI', 'Microsoft JhengHei', sans-serif; white-space-collapse: preserve;""> </p>
<p class=""QN2lPu"" style=""color: rgba(0, 0, 0, 0.8); font-family: Roboto, SHPBurmese, SHPKhmer, 'Helvetica Neue', Helvetica, Arial, 文泉驛正黑, 'WenQuanYi Zen Hei', 'Hiragino Sans GB', '儷黑 Pro', 'LiHei Pro', 'Heiti TC', 微軟正黑體, 'Microsoft JhengHei UI', 'Microsoft JhengHei', sans-serif; white-space-collapse: preserve;"">- Aguarde 15 minutos;</p>
<p class=""QN2lPu"" style=""color: rgba(0, 0, 0, 0.8); font-family: Roboto, SHPBurmese, SHPKhmer, 'Helvetica Neue', Helvetica, Arial, 文泉驛正黑, 'WenQuanYi Zen Hei', 'Hiragino Sans GB', '儷黑 Pro', 'LiHei Pro', 'Heiti TC', 微軟正黑體, 'Microsoft JhengHei UI', 'Microsoft JhengHei', sans-serif; white-space-collapse: preserve;""> </p>
<p class=""QN2lPu"" style=""color: rgba(0, 0, 0, 0.8); font-family: Roboto, SHPBurmese, SHPKhmer, 'Helvetica Neue', Helvetica, Arial, 文泉驛正黑, 'WenQuanYi Zen Hei', 'Hiragino Sans GB', '儷黑 Pro', 'LiHei Pro', 'Heiti TC', 微軟正黑體, 'Microsoft JhengHei UI', 'Microsoft JhengHei', sans-serif; white-space-collapse: preserve;"">- Está pronta para beber!</p>
<p class=""QN2lPu"" style=""color: rgba(0, 0, 0, 0.8); font-family: Roboto, SHPBurmese, SHPKhmer, 'Helvetica Neue', Helvetica, Arial, 文泉驛正黑, 'WenQuanYi Zen Hei', 'Hiragino Sans GB', '儷黑 Pro', 'LiHei Pro', 'Heiti TC', 微軟正黑體, 'Microsoft JhengHei UI', 'Microsoft JhengHei', sans-serif; white-space-collapse: preserve;""> </p>
<p class=""QN2lPu"" style=""color: rgba(0, 0, 0, 0.8); font-family: Roboto, SHPBurmese, SHPKhmer, 'Helvetica Neue', Helvetica, Arial, 文泉驛正黑, 'WenQuanYi Zen Hei', 'Hiragino Sans GB', '儷黑 Pro', 'LiHei Pro', 'Heiti TC', 微軟正黑體, 'Microsoft JhengHei UI', 'Microsoft JhengHei', sans-serif; white-space-collapse: preserve;""> </p>
<p class=""QN2lPu"" style=""color: rgba(0, 0, 0, 0.8); font-family: Roboto, SHPBurmese, SHPKhmer, 'Helvetica Neue', Helvetica, Arial, 文泉驛正黑, 'WenQuanYi Zen Hei', 'Hiragino Sans GB', '儷黑 Pro', 'LiHei Pro', 'Heiti TC', 微軟正黑體, 'Microsoft JhengHei UI', 'Microsoft JhengHei', sans-serif; white-space-collapse: preserve;"">Princípio Ativo: Dicloro-S-Triazinetrione de Sódio. Teor ativo: 1,01% em cloro ativo.</p>
<p class=""QN2lPu"" style=""color: rgba(0, 0, 0, 0.8); font-family: Roboto, SHPBurmese, SHPKhmer, 'Helvetica Neue', Helvetica, Arial, 文泉驛正黑, 'WenQuanYi Zen Hei', 'Hiragino Sans GB', '儷黑 Pro', 'LiHei Pro', 'Heiti TC', 微軟正黑體, 'Microsoft JhengHei UI', 'Microsoft JhengHei', sans-serif; white-space-collapse: preserve;""> </p>
<p class=""QN2lPu"" style=""color: rgba(0, 0, 0, 0.8); font-family: Roboto, SHPBurmese, SHPKhmer, 'Helvetica Neue', Helvetica, Arial, 文泉驛正黑, 'WenQuanYi Zen Hei', 'Hiragino Sans GB', '儷黑 Pro', 'LiHei Pro', 'Heiti TC', 微軟正黑體, 'Microsoft JhengHei UI', 'Microsoft JhengHei', sans-serif; white-space-collapse: preserve;""> </p>
<p class=""QN2lPu"" style=""color: rgba(0, 0, 0, 0.8); font-family: Roboto, SHPBurmese, SHPKhmer, 'Helvetica Neue', Helvetica, Arial, 文泉驛正黑, 'WenQuanYi Zen Hei', 'Hiragino Sans GB', '儷黑 Pro', 'LiHei Pro', 'Heiti TC', 微軟正黑體, 'Microsoft JhengHei UI', 'Microsoft JhengHei', sans-serif; white-space-collapse: preserve;"">Validade: 3 anos a partir da data de fabricação.</p>
<p class=""QN2lPu"" style=""color: rgba(0, 0, 0, 0.8); font-family: Roboto, SHPBurmese, SHPKhmer, 'Helvetica Neue', Helvetica, Arial, 文泉驛正黑, 'WenQuanYi Zen Hei', 'Hiragino Sans GB', '儷黑 Pro', 'LiHei Pro', 'Heiti TC', 微軟正黑體, 'Microsoft JhengHei UI', 'Microsoft JhengHei', sans-serif; white-space-collapse: preserve;""> </p>
<p class=""QN2lPu"" style=""color: rgba(0, 0, 0, 0.8); font-family: Roboto, SHPBurmese, SHPKhmer, 'Helvetica Neue', Helvetica, Arial, 文泉驛正黑, 'WenQuanYi Zen Hei', 'Hiragino Sans GB', '儷黑 Pro', 'LiHei Pro', 'Heiti TC', 微軟正黑體, 'Microsoft JhengHei UI', 'Microsoft JhengHei', sans-serif; white-space-collapse: preserve;"">Registro M.S.: 3.1243.0009</p>";"0";"	";"";"";"NÃO";"NOVO";"NÃO";"";"";"";"Centímetro";"0,000";"0,0000";"0,0000";"0,0000";"Mercado Livre>>Esportes e Fitness>>Camping, Caça e Pesca>>Acessórios de Camping>>Recipientes Térmicos>>Cantil";"";"Pastilha,Elimina Bactérias,Higieniza";"Clorin,Frutas,Salada,Legumes";"";"";"";"";"";"";"";"";"";"";"";"";"";"";"";"";"";"";"";"";"";"";"";"";""
"16613700541";"	";"COND ANJINHO BABY 220ML - USO DIARIO";"UN";"3305.90.00";"0";"5,400";"0,00";"";"Ativo";"6,0000000000";"5,400";"	371";"PARENTEX INDUSTRIA E COM. LTDA";"";"0,00";"0,00";"0,00";"0,00";"	7898172341419";"	7898172341419";"0.00";"0.00";"0.00";"";"COND ANJINHO BABY 220ML - USO DIARIO";"";"0,00";"Produto";"Terceiros";"";"";"";"";"0,00";"	";"";"";"";"20.021.00";"0";"";"";"	";"";"0";"NÃO";"NOVO";"NÃO";"";"";"";"Centímetro";"5,400";"0,0000";"0,0000";"0,0000";"";"";"";"";"";"";"";"";"";"";"";"";"";"";"";"";"";"";"";"";"";"";"";"";"";"";"";"";""
"16613700552";"	";"CONDIC ANJINHO KIDS LISO, LEVE E SOLTO 220ML";"UN";"3305.90.00";"0";"5,400";"0,00";"";"Ativo";"6,0000000000";"5,400";"	374";"PARENTEX INDUSTRIA E COM. LTDA";"";"0,00";"0,00";"0,00";"0,00";"	7898172341426";"	7898172341426";"0.00";"0.00";"0.00";"";"CONDIC ANJINHO KIDS LISO, LEVE E SOLTO 220ML";"";"0,00";"Produto";"Terceiros";"";"";"";"";"0,00";"	";"";"";"";"20.021.00";"0";"";"";"	";"";"0";"NÃO";"NOVO";"NÃO";"";"";"";"Centímetro";"5,400";"0,0000";"0,0000";"0,0000";"";"";"";"";"";"";"";"";"";"";"";"";"";"";"";"";"";"";"";"";"";"";"";"";"";"";"";"";""
"16570949113";"	";"CREME BARREIRA 100G DERMA PROTECT MISSNER";"UN";"3005.90.90";"0";"44,890";"0,00";"";"Ativo";"9,0000000000";"44,890";"	PA.1526";"MISSNER & MISSNER LTDA";"";"0,00";"0,00";"0,00";"0,00";"	7896544926684";"	7896544928381";"0.00";"0.00";"0.00";"";"CREME BARREIRA 100G DERMA PROTECT MISSNER";"";"0,00";"Produto";"Terceiros";"";"";"";"";"0,00";"	";"";"";"";"13.011.00";"0";"";"";"	";"";"0";"NÃO";"NOVO";"NÃO";"";"";"";"Centímetro";"44,890";"0,0000";"0,0000";"0,0000";"";"";"";"";"";"";"";"";"";"";"";"";"";"";"";"";"";"";"";"";"";"";"";"";"";"";"";"";""
"16456798183";"PA.0897	";"CURATIVO ALGINATO DE CALCIO 10cmX10cm CART C/10UN ;";"BO";"3005.90.90";"1";"63,340";"0,00";"";"Ativo";"45,0000000000";"63,340";"	PA.0897";"MISSNER & MISSNER LTDA";"";"0,00";"0,00";"0,00";"0,00";"	7896544901797";"	7896544901797";"0.00";"0.00";"0.00";"";"CURATIVO ALGINATO DE CALCIO 10cmX10cm CART C/10UN ; LOTE: 15F24";"";"0,00";"";"Terceiros";"";"";"";"";"0,00";"	";"0";"";"";"13.011.00";"0";"";"0";"	";"";"0";"NÃO";"NOVO";"NÃO";"";"";"";"Centímetro";"63,340";"0,0000";"0,0000";"0,0000";"";"";"";"";"";"";"";"";"";"";"";"";"";"";"";"";"";"";"";"";"";"";"";"";"";"";"";"";""
"16456798179";"	";"CURATIVO ALGINATO DE CALCIO E PRATA 10cmX10cm CART C/10UN ; LOTE: 15F24";"BO";"3005.90.90";"1";"212,670";"0,00";"";"Ativo";"0,0000000000";"212,670";"	PA.0896";"MISSNER & MISSNER LTDA";"";"0,00";"0,00";"0,00";"0,00";"	7896544901810";"	7896544901810";"0.00";"0.00";"0.00";"";"CURATIVO ALGINATO DE CALCIO E PRATA 10cmX10cm CART C/10UN ; LOTE: 15F24";"";"0,00";"Produto";"Terceiros";"";"";"";"";"0,00";"	";"";"";"";"13.011.00";"0";"";"";"	";"";"0";"NÃO";"NOVO";"NÃO";"";"";"";"Centímetro";"212,670";"0,0000";"0,0000";"0,0000";"";"";"";"";"";"";"";"";"";"";"";"";"";"";"";"";"";"";"";"";"";"";"";"";"";"";"";"";""
"16568369409";"	";"CURATIVO DE ESPUMA SACRAL COM BORDA CART C/ 3UN";"PC";"3005.90.90";"1";"89,947";"0,00";"";"Ativo";"3,0000000000";"89,947";"	PA.1457";"MISSNER & MISSNER LTDA";"";"0,00";"0,00";"0,00";"0,00";"	78965449256498";"	78965449256498";"0.00";"0.00";"0.00";"";"CURATIVO DE ESPUMA SACRAL COM BORDA CART C/ 3UN";"";"0,00";"Produto";"Terceiros";"";"";"";"";"0,00";"	";"";"";"";"13.011.00";"0";"";"";"	";"";"0";"NÃO";"NOVO";"NÃO";"";"";"";"Centímetro";"89,947";"0,0000";"0,0000";"0,0000";"";"";"";"";"";"";"";"";"";"";"";"";"";"";"";"";"";"";"";"";"";"";"";"";"";"";"";"";""
"16338200329";"PA.1422	";"CURATIVO DE ESPUMA SILICONE - Sem borda - Cart. C/ 10 envelopes";"";"3005.90.90";"0";"0,000";"0,00";"";"Ativo";"1,0000000000";"0,000";"	";"";"";"0,00";"0,00";"0,00";"0,00";"	7896544901759";"	";"0.00";"0.00";"0.00";"";"";"";"0,00";"";"Própria";"";"";"";"";"0,00";"	";"0";"";"MISSNER";"13.011.00";"0";"";"0";"	";"";"";"NÃO";"NOVO";"NÃO";"";"";"";"Centímetro";"0,000";"0,0000";"0,0000";"0,0000";"";"";"";"";"";"";"";"";"";"";"";"";"";"";"";"";"";"";"";"";"";"";"";"";"";"";"";"";""
"16580425633";"	";"CURATIVO DE ESPUMA TRAQUEOSTOMIA 8CM X 9CM";"PC";"3005.90.90";"1";"126,790";"0,00";"";"Ativo";"1,0000000000";"126,790";"	PA.1458";"MISSNER & MISSNER LTDA";"";"0,00";"0,00";"0,00";"0,00";"	7896544925601";"	7896544925601";"0.00";"0.00";"0.00";"";"CURATIVO DE ESPUMA TRAQUEOSTOMIA 8CM X 9CM";"";"0,00";"Produto";"Terceiros";"";"";"";"";"0,00";"	";"";"";"";"13.011.00";"0";"";"";"	";"";"0";"NÃO";"NOVO";"NÃO";"";"";"";"Centímetro";"126,790";"0,0000";"0,0000";"0,0000";"";"";"";"";"";"";"";"";"";"";"";"";"";"";"";"";"";"";"";"";"";"";"";"";"";"";"";"";""
"16484936405";"	";"CURATIVO DE PU ABSORVENTE M-TEC 10cm X 10cm CARTUCHO C/ 100UN | LOTE: 15F22";"BO";"3005.90.90";"1";"152,940";"0,00";"";"Ativo";"1,0000000000";"152,940";"	PA.1418";"MISSNER & MISSNER LTDA";"";"0,00";"0,00";"0,00";"0,00";"	7896544902718";"	7896544902718";"0.00";"0.00";"0.00";"";"CURATIVO DE PU ABSORVENTE M-TEC 10cm X 10cm CARTUCHO C/ 100UN | LOTE: 15F22";"";"0,00";"Produto";"Terceiros";"";"";"";"";"0,00";"	";"";"";"";"13.011.00";"0";"";"";"	";"";"0";"NÃO";"NOVO";"NÃO";"";"";"";"Centímetro";"152,940";"0,0000";"0,0000";"0,0000";"";"";"";"";"";"";"";"";"";"";"";"";"";"";"";"";"";"";"";"";"";"";"";"";"";"";"";"";""
"16564261954";"	";"Curativo de PU Transparente para Tatuagem 10x10";"UN";"";"0";"99,900";"0,00";"";"Ativo";"10,0000000000";"0,000";"	";"";"";"0,00";"0,00";"0,80";"0,80";"	";"	";"0.00";"0.00";"0.00";"";"";"";"0,00";"Produto";"Terceiros";"";"";"";"";"0,00";"	";"";"";"";"";"0";"Curativo De PU Filme Transparente em Rolo M-TEC consiste em um filme de poliuretano não estéril, coberto por um adesivo hipoalergênico transparente.<br />
<br />
Pode ser usado na prevenção de infecções e proteção de tatuagens recentes.<br />
<br />
O produto é permeável a vapores, permitindo trocas gasosas e é impermeável a água e bactérias, atuando como barreira de proteção para a pele.<br />
<br />
• Super fino e transparente.<br />
<br />
• Fixação de Curativos Primários ou de baixa aderência.<br />
<br />
• Fixação de cateteres e drenos.<br />
<br />
• Fixação de Bolsas de perna e dispositivos de estoma.<br />
<br />
￼";"";"	";"";"";"NÃO";"NOVO";"NÃO";"";"";"";"Centímetro";"0,000";"0,0000";"0,0000";"0,0000";"";"";"";"";"";"";"";"";"";"";"";"";"";"";"";"";"";"";"";"";"";"";"";"";"";"";"";"";""
"16570949133";"	";"CURATIVO EM GEL COM ALGINATO M-TEC 85G CART C/ 1UN";"PC";"3005.90.90";"0";"16,740";"0,00";"";"Ativo";"5,0000000000";"16,740";"	PA.1582";"MISSNER & MISSNER LTDA";"";"0,00";"0,00";"0,00";"0,00";"	7896544926851";"	7896544928411";"0.00";"0.00";"0.00";"";"CURATIVO EM GEL COM ALGINATO M-TEC 85G CART C/ 1UN";"";"0,00";"Produto";"Terceiros";"";"";"";"";"0,00";"	";"";"";"";"13.011.00";"0";"";"";"	";"";"0";"NÃO";"NOVO";"NÃO";"";"";"";"Centímetro";"16,740";"0,0000";"0,0000";"0,0000";"";"";"";"";"";"";"";"";"";"";"";"";"";"";"";"";"";"";"";"";"";"";"";"";"";"";"";"";""
"16366881643";"PA.1420	";"CURATIVO ESPUMA ABSORVENTE BORDER SILIC 10cmX10cm";"UN";"3005.90.90";"1";"153,710";"0,00";"";"Ativo";"0,0000000000";"153,710";"	PA.1420";"MISSNER & MISSNER LTDA";"";"0,00";"0,00";"0,00";"0,00";"	7896544901773";"	7896544901773";"0.00";"0.00";"0.00";"";"CURATIVO ESPUMA ABSORVENTE BORDER SILIC 10cmX10cm CART C/ 10UN ; LOTE: 15K22";"";"0,00";"";"Terceiros";"";"";"";"";"0,00";"	";"0";"";"";"13.011.00";"0";"";"0";"	";"";"0";"NÃO";"NOVO";"NÃO";"";"";"";"Centímetro";"153,710";"0,0000";"0,0000";"0,0000";"";"";"";"";"";"";"";"";"";"";"";"";"";"";"";"";"";"";"";"";"";"";"";"";"";"";"";"";""
"16385105649";"	";"CURATIVO ESPUMA ABSORVENTE BORDER SILICONE 15cmX15cm CART C/ 5UN ; LOTE: 15F24";"BO";"3005.90.90";"1";"85,450";"0,00";"";"Ativo";"0,0000000000";"85,450";"	PA.1460";"MISSNER & MISSNER LTDA";"";"0,00";"0,00";"0,00";"0,00";"	7896544925694";"	7896544925694";"0.00";"0.00";"0.00";"";"CURATIVO ESPUMA ABSORVENTE BORDER SILICONE 15cmX15cm CART C/ 5UN ; LOTE: 15E23";"";"0,00";"";"Terceiros";"";"";"";"";"0,00";"	";"0";"";"";"13.011.00";"0";"";"0";"	";"";"0";"NÃO";"NOVO";"NÃO";"";"";"";"Centímetro";"85,450";"0,0000";"0,0000";"0,0000";"";"";"";"";"";"";"";"";"";"";"";"";"";"";"";"";"";"";"";"";"";"";"";"";"";"";"";"";""
"16435190421";"	";"CURATIVO ESPUMA ABSORVENTE BORDER SILICONE 15cmX15cm CART C/ 5UN ; LOTE: 15F24";"BO";"3005.90.90";"1";"112,500";"0,00";"";"Ativo";"0,0000000000";"0,000";"	";"";"";"0,00";"0,00";"0,00";"0,00";"	7896544925694";"	7896544925694";"0.00";"0.00";"0.00";"";"";"";"0,00";"Produto";"Terceiros";"";"";"";"";"0,00";"	";"";"";"";"13.011.00";"0";"";"";"	";"";"";"NÃO";"NOVO";"NÃO";"";"";"";"Centímetro";"0,000";"0,0000";"0,0000";"0,0000";"";"";"";"";"";"";"";"";"";"";"";"";"";"";"";"";"";"";"";"";"";"";"";"";"";"";"";"";""
"16570949135";"	";"CURATIVO ESPUMA ABSORVENTE SILICONE 10cmX10cm CART C/ 10UN";"PC";"3005.90.90";"1";"188,320";"0,00";"";"Ativo";"0,0000000000";"188,320";"	PA.1422";"MISSNER & MISSNER LTDA";"";"0,00";"0,00";"0,00";"0,00";"	7896544901759";"	7896544901759";"0.00";"0.00";"0.00";"";"CURATIVO ESPUMA ABSORVENTE SILICONE 10cmX10cm CART C/ 10UN";"";"0,00";"Produto";"Terceiros";"";"";"";"";"0,00";"	";"";"";"";"13.011.00";"0";"";"";"	";"";"0";"NÃO";"NOVO";"NÃO";"";"";"";"Centímetro";"188,320";"0,0000";"0,0000";"0,0000";"";"";"";"";"";"";"";"";"";"";"";"";"";"";"";"";"";"";"";"";"";"";"";"";"";"";"";"";""
"16550580312";"	";"CURATIVO ESPUMA ABSORVENTE SILICONE 15CMX15CM CART C/ 5UN";"PC";"3005.10.90";"1";"83,000";"0,00";"";"Ativo";"0,0000000000";"83,000";"	PA.1724";"MISSNER & MISSNER LTDA";"";"0,00";"0,00";"0,00";"0,00";"	7896544928008";"	7896544928008";"0.00";"0.00";"0.00";"";"CURATIVO ESPUMA ABSORVENTE SILICONE 15CMX15CM CART C/ 5UN";"";"0,00";"Produto";"Terceiros";"";"";"";"";"0,00";"	";"";"";"";"13.011.00";"0";"";"";"	";"";"0";"NÃO";"NOVO";"NÃO";"";"";"";"Centímetro";"83,000";"0,0000";"0,0000";"0,0000";"";"";"";"";"";"";"";"";"";"";"";"";"";"";"";"";"";"";"";"";"";"";"";"";"";"";"";"";""
"16596974553";"	";"CURATIVO ESPUMA ABSORVENTE SILICONE 15CMX15CM CART C/ 5UN";"PC";"3005.90.90";"1";"129,205";"0,00";"";"Ativo";"0,0000000000";"129,205";"	PA.1461";"MISSNER & MISSNER LTDA";"";"0,00";"0,00";"0,00";"0,00";"	7896544925663";"	7896544925663";"0.00";"0.00";"0.00";"";"CURATIVO ESPUMA ABSORVENTE SILICONE 15CMX15CM CART C/ 5UN";"";"0,00";"Produto";"Terceiros";"";"";"";"";"0,00";"	";"";"";"";"13.011.00";"0";"";"";"	";"";"0";"NÃO";"NOVO";"NÃO";"";"";"";"Centímetro";"129,205";"0,0000";"0,0000";"0,0000";"";"";"";"";"";"";"";"";"";"";"";"";"";"";"";"";"";"";"";"";"";"";"";"";"";"";"";"";""
"16607648065";"	";"CURATIVO ESPUMA ABSORVENTE SILICONE COM BORDA 10CMX10CM CART C/ 10UN";"PC";"3005.10.90";"1";"202,250";"0,00";"";"Ativo";"0,0000000000";"202,250";"	PA.1723";"MISSNER & MISSNER LTDA";"";"0,00";"0,00";"0,00";"0,00";"	7896544927995";"	7896544927995";"0.00";"0.00";"0.00";"";"CURATIVO ESPUMA ABSORVENTE SILICONE COM BORDA 10CMX10CM CART C/ 10UN";"";"0,00";"Produto";"Terceiros";"";"";"";"";"0,00";"	";"";"";"";"13.011.00";"0";"";"";"	";"";"0";"NÃO";"NOVO";"NÃO";"";"";"";"Centímetro";"202,250";"0,0000";"0,0000";"0,0000";"";"";"";"";"";"";"";"";"";"";"";"";"";"";"";"";"";"";"";"";"";"";"";"";"";"";"";"";""
"16373628138";"PA.1460	";"CURATIVO ESPUMA ABSOVENTE BORDER SILICONE 15CM X 15CM CART C/ 5UN";"CAIXA";"30059090";"0";"85,450";"0,00";"";"Ativo";"0,0000000000";"85,450";"	";"MISSNER & MISSNER LTDA";"";"0,00";"0,00";"0,00";"0,00";"	7896544925687";"	";"0.00";"0.00";"0.00";"";"CURATIVO ESPUMA ABSOVENTE BORDER SILICONE 15CM X 15CM CART C/ 5UN";"";"0,00";"Produto";"Terceiros";"";"";"";"";"0,00";"	";"";"";"";"13.011.00";"0";"";"";"	";"";"0";"NÃO";"NOVO";"NÃO";"";"";"";"Centímetro";"85,450";"0,0000";"0,0000";"0,0000";"";"";"";"";"";"";"";"";"";"";"";"";"";"";"";"";"";"";"";"";"";"";"";"";"";"";"";"";""
"16338200026";"PA.1415	";"CURATIVO FILME TRANSPARENTE ROLO 10cm X 10m";"";"3005.90.90";"0";"0,000";"0,00";"";"Ativo";"0,0000000000";"0,000";"	";"";"";"0,00";"0,00";"0,00";"0,00";"	7896544902725";"	";"0.00";"0.00";"0.00";"";"";"";"0,00";"";"Própria";"";"";"";"";"0,00";"	";"0";"";"MISSNER";"13.011.00";"0";"";"0";"	";"";"";"NÃO";"NOVO";"NÃO";"";"";"";"Centímetro";"0,000";"0,0000";"0,0000";"0,0000";"";"";"";"";"";"";"";"";"";"";"";"";"";"";"";"";"";"";"";"";"";"";"";"";"";"";"";"";""
"16410242757";"	";"CURATIVO FILME TRANSPARENTE ROLO MTEC 10cmX10m CART C/ 1UN ; LOTE: 15F24";"BO";"3005.90.90";"1";"38,660";"0,00";"";"Ativo";"1,0000000000";"38,660";"	PA.1415";"MISSNER & MISSNER LTDA";"";"0,00";"0,00";"0,00";"0,00";"	7896544902725";"	7896544902725";"0.00";"0.00";"0.00";"";"CURATIVO FILME TRANSPARENTE ROLO MTEC 10cmX10m CART C/ 1UN ; LOTE: 15F24";"";"0,00";"Produto";"Terceiros";"";"";"";"";"0,00";"	";"";"";"";"13.011.00";"0";"";"";"	";"";"0";"NÃO";"NOVO";"NÃO";"";"";"";"Centímetro";"38,660";"0,0000";"0,0000";"0,0000";"";"";"";"";"";"";"";"";"";"";"";"";"";"";"";"";"";"";"";"";"";"";"";"";"";"";"";"";""
"16365346234";"PA.1445	";"CURATIVO FLEXIVEL SHOW DA LUNA  C/10UN";"UN";"3005.10.20";"0";"3,400";"0,00";"";"Ativo";"97,0000000000";"114,240";"	PA.1445";"MISSNER & MISSNER LTDA";"";"0,00";"0,00";"0,00";"0,00";"	7896544925496";"	7896544925496";"0.00";"0.00";"0.00";"";"CURATIVO FLEXIVEL SHOW DA LUNA CX. 48 CARTUCHOS C/10UN. ; LOTE: NSL23504";"";"0,00";"";"Terceiros";"";"";"";"";"0,00";"	";"0";"";"";"13.011.00";"0";"";"0";"	";"";"0";"NÃO";"NOVO";"NÃO";"";"";"";"Centímetro";"114,240";"0,0000";"0,0000";"0,0000";"";"";"";"";"";"";"";"";"";"";"";"";"";"";"";"";"";"";"";"";"";"";"";"";"";"";"";"";""
"16384377928";"	";"CURATIVO FLEXIVEL TRANSPARENTE CARTUCHOS C/10UN. ; LOTE: NTR28601";"CX";"3005.10.20";"5";"73,010";"0,00";"";"Ativo";"15,0000000000";"73,010";"	PA.0698";"MISSNER & MISSNER LTDA";"";"0,00";"0,00";"0,00";"0,00";"	7896544901278";"	7896544901278";"0.00";"0.00";"0.00";"";"CURATIVO FLEXIVEL TRANSPARENTE CARTUCHOS C/10UN. ; LOTE: NTR28601";"";"0,00";"Produto";"Terceiros";"";"";"";"";"0,00";"	";"";"";"";"13.011.00";"0";"";"";"	";"";"0";"NÃO";"NOVO";"NÃO";"";"";"";"Centímetro";"73,010";"0,0000";"0,0000";"0,0000";"";"";"";"";"";"";"";"";"";"";"";"";"";"";"";"";"";"";"";"";"";"";"";"";"";"";"";"";""
"16349467278";"	";"CURATIVO HIDROCOLOIDE C/ ESPUMA M-TEC 10cm X 10cm CX C/10UN ; LOTE: 15F24";"BO";"3005.10.20";"1";"62,900";"0,00";"";"Ativo";"2,0000000000";"62,900";"	PA.1397";"MISSNER & MISSNER LTDA";"";"0,00";"0,00";"0,00";"0,00";"	7896544901728";"	7896544901728";"0.00";"0.00";"0.00";"";"CURATIVO HIDROCOLOIDE C/ ESPUMA M-TEC 10cm X 10cm CX C/10UN ; LOTE: 15F24";"";"0,00";"Produto";"Terceiros";"";"";"";"";"0,00";"	";"";"";"";"13.011.00";"0";"";"";"	";"";"0";"NÃO";"NOVO";"NÃO";"";"";"";"Centímetro";"62,900";"0,0000";"0,0000";"0,0000";"";"";"";"";"";"";"";"";"";"";"";"";"";"";"";"";"";"";"";"";"";"";"";"";"";"";"";"";""
"16570949129";"PA.1467	";"CURATIVO HIDROFIBRA EXTRA 10cm X 10cm 10UN POR CARTUCHO";"PC";"3005.90.90";"0";"192,820";"0,00";"";"Ativo";"3,0000000000";"192,820";"	PA.1467";"MISSNER & MISSNER LTDA";"";"0,00";"0,00";"0,00";"0,00";"	7896544926639";"	7896544928435";"0.00";"0.00";"0.00";"";"CURATIVO HIDROFIBRA EXTRA 10cm X 10cm 10UN POR CARTUCHO";"";"0,00";"";"Terceiros";"";"";"";"";"0,00";"	";"0";"";"";"13.011.00";"0";"";"0";"	";"";"0";"NÃO";"NOVO";"NÃO";"";"";"";"Centímetro";"192,820";"0,0000";"0,0000";"0,0000";"";"";"";"";"";"";"";"";"";"";"";"";"";"";"";"";"";"";"";"";"";"";"";"";"";"";"";"";""
"16579910806";"	";"CURATIVO LIQUIDO HEMOSTATICO MISSNER 28ML";"UN";"3005.90.90";"0";"20,250";"0,00";"";"Ativo";"0,0000000000";"20,250";"	PA.1698";"MISSNER & MISSNER LTDA";"";"0,00";"0,00";"0,00";"0,00";"	7896544927780";"	7896544928244";"0.00";"0.00";"0.00";"";"CURATIVO LIQUIDO HEMOSTATICO MISSNER 28ML";"";"0,00";"Produto";"Terceiros";"";"";"";"";"0,00";"	";"";"";"";"13.011.00";"0";"";"";"	";"";"0";"NÃO";"NOVO";"NÃO";"";"";"";"Centímetro";"20,250";"0,0000";"0,0000";"0,0000";"";"";"";"";"";"";"";"";"";"";"";"";"";"";"";"";"";"";"";"";"";"";"";"";"";"";"";"";""
"16579910802";"	";"CURATIVO TRANSPARENTE A PROVA D´AGUA CARTUCHOS C/15UN";"UN";"3005.10.20";"5";"3,430";"0,00";"";"Ativo";"42,0000000000";"3,430";"	PA.0701";"MISSNER & MISSNER LTDA";"";"0,00";"0,00";"0,00";"0,00";"	7896544901254";"	7896544901254";"0.00";"0.00";"0.00";"";"CURATIVO TRANSPARENTE A PROVA D´AGUA CARTUCHOS C/15UN";"";"0,00";"Produto";"Terceiros";"";"";"";"";"0,00";"	";"";"";"";"13.011.00";"0";"";"";"	";"";"0";"NÃO";"NOVO";"NÃO";"";"";"";"Centímetro";"3,430";"0,0000";"0,0000";"0,0000";"";"";"";"";"";"";"";"";"";"";"";"";"";"";"";"";"";"";"";"";"";"";"";"";"";"";"";"";""
"16339110770";"RSM.10	";"ESPACADOR INAL AIR INFANTIL";"UN";"9019.20.20";"0";"0,000";"0,00";"";"Ativo";"13,0000000000";"29,900";"	10";"RS MED LTDA";"";"0,00";"0,00";"0,00";"0,00";"	7898306210017";"	7898306210017";"0.00";"0.00";"0.00";"";"ESPACADOR INAL AIR INFANTIL";"";"0,00";"";"Terceiros";"";"";"";"";"0,00";"	";"0";"";"RSMED";"";"0";"";"0";"	";"";"0";"NÃO";"NOVO";"NÃO";"";"";"";"Centímetro";"29,900";"0,0000";"0,0000";"0,0000";"";"";"";"";"";"";"";"";"";"";"";"";"";"";"";"";"";"";"";"";"";"";"";"";"";"";"";"";""
"16583142624";"	";"ESPARADRAPO IMP BRANCO ADPELE 10cm X 4,5m";"UN";"3005.10.90";"5";"8,613";"0,00";"";"Ativo";"0,0000000000";"8,613";"	PA.0029";"MISSNER & MISSNER LTDA";"";"0,00";"0,00";"0,00";"0,00";"	7896544901100";"	7896544901100";"0.00";"0.00";"0.00";"";"ESPARADRAPO IMP BRANCO ADPELE 10cm X 4,5m";"";"0,00";"Produto";"Terceiros";"";"";"";"";"0,00";"	";"";"";"";"13.011.00";"0";"";"";"	";"";"0";"NÃO";"NOVO";"NÃO";"";"";"";"Centímetro";"8,613";"0,0000";"0,0000";"0,0000";"";"";"";"";"";"";"";"";"";"";"";"";"";"";"";"";"";"";"";"";"";"";"";"";"";"";"";"";""
"16616060873";"	";"ESPARADRAPO IMP BRANCO MISSNER 10cm X 4,5m";"UN";"3005.10.90";"5";"9,940";"0,00";"";"Ativo";"9,0000000000";"9,940";"	PA.0750";"MISSNER & MISSNER LTDA";"";"0,00";"0,00";"0,00";"0,00";"	7896544910102";"	7896544928336";"0.00";"0.00";"0.00";"";"ESPARADRAPO IMP BRANCO MISSNER 10cm X 4,5m";"";"0,00";"Produto";"Terceiros";"";"";"";"";"0,00";"	";"";"";"";"13.011.00";"0";"";"";"	";"";"0";"NÃO";"NOVO";"NÃO";"";"";"";"Centímetro";"9,940";"0,0000";"0,0000";"0,0000";"";"";"";"";"";"";"";"";"";"";"";"";"";"";"";"";"";"";"";"";"";"";"";"";"";"";"";"";""
"16369215819";"PA.0233	";"ESPARADRAPO IMPERMEAVEL 2,5cm x 4,5m";"UN";"3005.10.90";"0";"4,090";"0,00";"";"Ativo";"22,0000000000";"0,000";"	";"";"";"0,00";"0,00";"0,00";"0,00";"	7896544925458";"	";"0.00";"0.00";"0.00";"";"";"";"0,00";"";"Própria";"";"";"";"";"0,00";"	";"0";"";"MISSNER";"13.011.00";"0";"";"0";"	";"";"";"NÃO";"NOVO";"NÃO";"";"";"";"Centímetro";"0,000";"0,0000";"0,0000";"0,0000";"";"";"";"";"";"";"";"";"";"";"";"";"";"";"";"";"";"";"";"";"";"";"";"";"";"";"";"";""
"16561144173";"MILTONUN	";"Esterilizador Mamadeiras Milton Higienizador Desinfecção";"UN";"";"0";"17,900";"0,00";"";"Ativo";"15,0000000000";"0,000";"	";"";"";"0,00";"0,00";"0,01";"0,01";"	";"	";"11.00";"18.00";"5.00";"";"";"<p>Esterilizador de Mamadeiras Chupetas Utensílios de Bebê Clorin Milton Higienizador Desinfecção Itens</p>";"0,00";"";"Própria";"";"";"";"";"0,00";"	";"0";"";"Clorin";"";"0";"<p> </p>
<p>Elimine bactérias sem a necessidade de fervura. Rápida ação em 15 minutos. Não contém hipoclorito.</p>
<p> </p>
<p> </p>
<p>O higienizador Milton é o método de desinfecção à frio que elimina bactérias e vírus testados, dispensa a fervura e oferece muitas vantagens em relação aos métodos convencionais. Evita danos em objetos que poderiam derreter.</p>
<p> </p>
<p>Modo de Usar:</p>
<p>- Dissolva 1 pastilha de Milton em 1 litro de água. Sem necessidade de fervura;</p>
<p> </p>
<p> </p>
<p>- Mergulhe os utensílios na solução;</p>
<p>- Aguarde por 15 minutos;</p>
<p>- Retire os objetos e escorra bem. Sem enxágue.</p>
<p> </p>
<p>Clorin Milton – Pastilhas de Higienização:</p>
<p> </p>
<p>Elimina vírus e bactérias</p>
<p>Não precisa ferver</p>
<p>Pronto em 15 minutos</p>
<p>Sem risco de derreter utensílios</p>
<p>Solução reutilizável por até 24h</p>
<p>Prático para viagens e passeios</p>
<p> </p>
<p> </p>
<p>Esterilizadores Comuns (Fervura / Elétricos):</p>
<p> </p>
<p>Precisa de energia ou gás</p>
<p>Demora mais tempo (20–40 min)</p>
<p>Pode danificar utensílios de plástico ou silicone</p>
<p>Risco de queimaduras</p>
<p>Não é prático em viagens</p>
<p>Maior custo e espaço ocupado</p>
<p> </p>
<p>Você vai receber:</p>
<p> </p>
<p>A embalagem contém 2 cartelas com 20 pastilhas efervescentes, com ação rápida em até 15 minutos.</p>
<p> </p>
<p> </p>
<p>É o modo mais rápido e prático de higienizar e esterilizar utensílios para bebês e objetos em geral como garrafas, mamadeiras, chupetas, potes e bicos.</p>
<p> </p>
<p> </p>
<p>ESPECIFICAÇÕES:</p>
<p> </p>
<p>Contém: 20 pastilhas de 100mg</p>
<p> </p>
<p>Marca: Milton Clorin</p>
<p> </p>
<p>Registro M.S.: 3.1243.0016</p>
<p> </p>";"0";"	";"";"";"NÃO";"NOVO";"NÃO";"";"";"";"Centímetro";"0,000";"0,0000";"0,0000";"0,0000";"Mercado Livre>>Esportes e Fitness>>Camping, Caça e Pesca>>Acessórios de Camping>>Recipientes Térmicos>>Cantil";"";"Pastilha,Elimina Bactérias,Higieniza";"Clorin,Chupeta,Utensílios";"";"";"";"";"";"";"";"";"";"";"";"";"";"";"";"";"";"";"";"";"";"";"";"";""
"16528509340";"	";"FITA ADESIVA CREPE HOSPITALAR MISSNER 16mm X 50m / CX C/56UN";"UN";"4811.41.10";"5";"3,050";"0,00";"";"Ativo";"232,0000000000";"3,050";"	PA.0817";"MISSNER & MISSNER LTDA";"";"0,00";"0,00";"0,00";"0,00";"	7896544925472";"	7896544925472";"0.00";"0.00";"0.00";"";"FITA ADESIVA CREPE HOSPITALAR MISSNER 16mm X 50m / CX C/56UN";"";"0,00";"Produto";"Terceiros";"";"";"";"";"0,00";"	";"";"";"";"";"0";"";"";"	";"";"0";"NÃO";"NOVO";"NÃO";"";"";"";"Centímetro";"3,050";"0,0000";"0,0000";"0,0000";"";"";"";"";"";"";"";"";"";"";"";"";"";"";"";"";"";"";"";"";"";"";"";"";"";"";"";"";""
"16384377931";"ASM00801	";"FITA DE SILICONE HIPOALERGENICA 2,5cm X 1,5m ; LOTE: ASM00801";"UN";"3005.10.90";"0";"7,400";"0,00";"";"Ativo";"8,0000000000";"7,400";"	PA.1284";"MISSNER & MISSNER LTDA";"";"0,00";"0,00";"0,01";"0,01";"	7896544902091";"	7896544902091";"1.00";"1.00";"1.00";"";"FITA DE SILICONE HIPOALERGENICA 2,5cm X 1,5m ; LOTE: ASM00801";"<div class=""WBVL_7"" style=""display: -webkit-box; text-overflow: ellipsis; -webkit-box-orient: vertical; -webkit-line-clamp: 2; font-size: 20px; line-height: 24px; margin: 0px; max-width: 665px; overflow: hidden; overflow-wrap: break-word; vertical-align: sub; color: rgba(0, 0, 0, 0.8); font-family: Roboto, SHPBurmese, SHPKhmer, 'Helvetica Neue', Helvetica, Arial, 文泉驛正黑, 'WenQuanYi Zen Hei', 'Hiragino Sans GB', '儷黑 Pro', 'LiHei Pro', 'Heiti TC', 微軟正黑體, 'Microsoft JhengHei UI', 'Microsoft JhengHei', sans-serif;"">
<h1 class=""vR6K3w"" style=""font-size: inherit; margin: inherit; display: inline; font-weight: inherit; vertical-align: middle;"">Fita de Silicone Hipoalérgica Missner 2,5cm x 1,5m</h1>
</div>";"0,00";"";"Terceiros";"";"";"";"";"0,00";"	";"0";"";"Missner";"13.011.00";"0";"<div class=""descricao-titulo padrao-desc"" style=""padding: 0px 0px 10px; border-bottom: 2px solid #efefef; line-height: inherit; margin: 0px 0px 30px !important 0px;""><span style=""background-color: initial; font-style: inherit; font-variant-ligatures: inherit; font-variant-caps: inherit; font-weight: inherit; font-family: arial, helvetica, sans-serif; font-size: 18px;"">A fita de silicone Missner é um não tecido a base de fibras de viscose e adesivo de silicone. Isento de látex natural.</span></div>
<div class=""box-descricao"" style=""margin: 0px; padding: 0px;"">
<div class=""span12"" style=""margin: 0px; padding: 0px; width: 1140px; float: left; min-height: 30px; box-sizing: border-box;"">
<div class=""abas-custom"" style=""margin: 0px; padding: 0px;"">
<div class=""tab-content"" style=""margin: 0px; padding: 0px; overflow: auto; box-shadow: none;"">
<div itemprop=""description"" class=""tab-pane active"" id=""descricao"" style=""margin: 0px; padding: 0px;"">
<p style=""padding: 0px; color: #666666; font: inherit; background: 0px 0px; border: 0px; outline: 0px; vertical-align: baseline; box-sizing: border-box;""> </p>
<p style=""padding: 0px; color: #666666; font: inherit; background: 0px 0px; border: 0px; outline: 0px; vertical-align: baseline; box-sizing: border-box;""><span style=""margin: 0px; padding: 0px; color: #000000;""><span style=""margin: 0px; padding: 0px; font-size: 18px;""><span style=""margin: 0px; padding: 0px; font-family: arial, helvetica, sans-serif;""><span style=""margin: 0px; padding: 0px; border: 0px; outline: 0px; vertical-align: baseline; background: 0px 0px; box-sizing: border-box; font-style: inherit; font-variant: inherit; font-weight: inherit; font-stretch: inherit; line-height: inherit;"">A fita de silicone é indicada somente para fixação de curativos e dispositivos leves. Sendo indicada para todos os pacientes, principalmente para aqueles com pele frágil, como neonatos e idosos.</span></span></span></span></p>
<p style=""padding: 0px; color: #666666; font: inherit; background: 0px 0px; border: 0px; outline: 0px; vertical-align: baseline; box-sizing: border-box;""> </p>
<p style=""padding: 0px; color: #666666; font: inherit; background: 0px 0px; border: 0px; outline: 0px; vertical-align: baseline; box-sizing: border-box;""><span style=""margin: 0px; padding: 0px; color: #000000;""><span style=""margin: 0px; padding: 0px; font-size: 18px;""><span style=""margin: 0px; padding: 0px; font-family: arial, helvetica, sans-serif;""><span style=""margin: 0px; padding: 0px; border: 0px; outline: 0px; vertical-align: baseline; background: 0px 0px; box-sizing: border-box; font-style: inherit; font-variant: inherit; font-weight: inherit; font-stretch: inherit; line-height: inherit;"">A fita é indicada para redução de cicatriz hipertrófica e queloides quando o uso for prolongado. Aplicar sobre a pele e dispositivos secos.</span></span></span></span></p>
<p style=""padding: 0px; color: #666666; font: inherit; background: 0px 0px; border: 0px; outline: 0px; vertical-align: baseline; box-sizing: border-box;""> </p>
<p style=""padding: 0px; color: #666666; font: inherit; background: 0px 0px; border: 0px; outline: 0px; vertical-align: baseline; box-sizing: border-box;""><span style=""margin: 0px; padding: 0px; color: #000000;""><span style=""margin: 0px; padding: 0px; font-size: 18px;""><span style=""margin: 0px; padding: 0px; font-family: arial, helvetica, sans-serif;""><span style=""margin: 0px; padding: 0px; border: 0px; outline: 0px; vertical-align: baseline; background: 0px 0px; box-sizing: border-box; font-style: inherit; font-variant: inherit; font-weight: inherit; font-stretch: inherit; line-height: inherit;"">Remoção Suave. Adesão constante. Não deixa resíduos na pele. Reposicionável.</span></span></span></span></p>
<p style=""padding: 0px; color: #666666; font: inherit; background: 0px 0px; border: 0px; outline: 0px; vertical-align: baseline; box-sizing: border-box;""> </p>
<p style=""padding: 0px; color: #666666; font: inherit; background: 0px 0px; border: 0px; outline: 0px; vertical-align: baseline; box-sizing: border-box;""><span style=""margin: 0px; padding: 0px; color: #000000;""><span style=""margin: 0px; padding: 0px; font-size: 18px;""><span style=""margin: 0px; padding: 0px; font-family: arial, helvetica, sans-serif;""><span style=""margin: 0px; padding: 0px; border: 0px; outline: 0px; vertical-align: baseline; background: 0px 0px; box-sizing: border-box; font-style: inherit; font-variant: inherit; font-weight: inherit; font-stretch: inherit; line-height: inherit;"">Medidas do produto: 2,5cm x 1,5m.</span></span></span></span></p>
<p style=""padding: 0px; color: #666666; font: inherit; background: 0px 0px; border: 0px; outline: 0px; vertical-align: baseline; box-sizing: border-box;""><span style=""margin: 0px; padding: 0px; color: #000000;""><span style=""margin: 0px; padding: 0px; font-size: 18px;""><span style=""margin: 0px; padding: 0px; font-family: arial, helvetica, sans-serif;""><span style=""margin: 0px; padding: 0px; border: 0px; outline: 0px; vertical-align: baseline; background: 0px 0px; box-sizing: border-box; font-style: inherit; font-variant: inherit; font-weight: inherit; font-stretch: inherit; line-height: inherit;"">Quantidade: 01 Unidade</span></span></span></span></p>
<p style=""padding: 0px; color: #666666; font: inherit; background: 0px 0px; border: 0px; outline: 0px; vertical-align: baseline; box-sizing: border-box;""><span style=""margin: 0px; padding: 0px; color: #000000;""><span style=""margin: 0px; padding: 0px; font-size: 18px;""><span style=""margin: 0px; padding: 0px; font-family: arial, helvetica, sans-serif;""><span style=""margin: 0px; padding: 0px; border: 0px; outline: 0px; vertical-align: baseline; background: 0px 0px; box-sizing: border-box; font-style: inherit; font-variant: inherit; font-weight: inherit; font-stretch: inherit; line-height: inherit;"">Validade: 24 meses após a data de fabricação</span></span></span></span></p>
<p><span style=""margin: 0px; padding: 0px; color: #000000;""><span style=""margin: 0px; padding: 0px; font-size: 18px;""><span style=""margin: 0px; padding: 0px; font-family: arial, helvetica, sans-serif;""><span style=""margin: 0px; padding: 0px; border: 0px; outline: 0px; vertical-align: baseline; background: 0px 0px; box-sizing: border-box; font-style: inherit; font-variant: inherit; font-weight: inherit; font-stretch: inherit; line-height: inherit;""> </span></span></span></span></p>
</div>
</div>
</div>
</div>
</div>";"0";"	";"";"0";"NÃO";"NOVO";"NÃO";"";"";"";"Centímetro";"7,400";"0,0000";"0,0000";"0,0000";"Mercado Livre>>Beleza e Cuidado Pessoal>>Higiene Pessoal>>Curativo";"";"Micropore Hipoalergênica";"Missner";"1";"";"";"";"";"";"";"";"";"";"";"";"";"";"";"";"";"";"";"";"";"";"";"";""
"16684938238";"4289773785	";"Fita De Silicone Hipoalergênica Respirável 2,5x1,5 Micropore";"";"";"0";"23,780";"0,00";"";"Ativo";"0,0000000000";"0,000";"	";"";"";"0,00";"0,00";"0,00";"0,00";"	";"	";"0.00";"0.00";"0.00";"";"";"";"0,00";"Produto";"Terceiros";"";"";"";"";"0,00";"	";"";"";"";"";"0";"";"";"	";"";"";"NÃO";"NOVO";"NÃO";"";"";"";"Centímetro";"0,000";"0,0000";"0,0000";"0,0000";"";"";"";"";"";"";"";"";"";"";"";"";"";"";"";"";"";"";"";"";"";"";"";"";"";"";"";"";""
"16570949139";"	";"FITA DE SILICONE HIPOALERGICA 2,5cm X 1,5m DISPLAY c/20un";"UN";"3005.10.90";"0";"5,550";"0,00";"";"Ativo";"0,0000000000";"5,550";"	PA.1259";"MISSNER & MISSNER LTDA";"";"0,00";"0,00";"0,00";"0,00";"	7896544925953";"	7896544925953";"0.00";"0.00";"0.00";"";"FITA DE SILICONE HIPOALERGICA 2,5cm X 1,5m DISPLAY c/20un";"";"0,00";"Produto";"Terceiros";"";"";"";"";"0,00";"	";"";"";"";"13.011.00";"0";"";"";"	";"";"0";"NÃO";"NOVO";"NÃO";"";"";"";"Centímetro";"5,550";"0,0000";"0,0000";"0,0000";"";"";"";"";"";"";"";"";"";"";"";"";"";"";"";"";"";"";"";"";"";"";"";"";"";"";"";"";""
"16564261946";"	";"Fita de Silicone Hipoalérgica Missner 2,5cm x 1,5m";"UN";"";"0";"19,900";"0,00";"";"Ativo";"3,0000000000";"0,000";"	";"";"";"0,00";"0,00";"0,20";"0,20";"	";"	";"5.00";"5.00";"5.00";"";"";"";"0,00";"Produto";"Terceiros";"";"";"";"";"0,00";"	";"";"";"";"";"0";"A Fita de Silicone Hipoalérgica Missner 2,5cm x 1,5m é um não tecido a base de fibras de viscose e adesivo de silicone. Isento de látex natural.<br />
<br />
A Fita de Silicone Hipoalérgica Missner  é indicada somente para fixação de curativos e dispositivos leves. <br />
<br />
Remoção Suave.<br />
Adesão constante.<br />
Não deixa resíduos na pele.<br />
Reposicionável.<br />
<br />
Sendo indicada para todos os pacientes, principalmente para aqueles com pele frágil, como neonatos e idosos. Indicada para redução de cicatriz hipertrófica e queloides quando o uso for prolongado. Aplicar sobre a pele e dispositivos secos.<br />
<br />
<br />
";"";"	";"";"";"NÃO";"NOVO";"NÃO";"";"";"";"Centímetro";"0,000";"0,0000";"0,0000";"0,0000";"";"";"";"";"";"";"";"";"";"";"";"";"";"";"";"";"";"";"";"";"";"";"";"";"";"";"";"";""
"16596974563";"	";"FITA DE SILICONE HIPOALERGICA MISSNER 5,0cm X 4,5m";"UN";"3005.10.90";"0";"30,006";"0,00";"";"Ativo";"7,0000000000";"30,006";"	PA.0946";"MISSNER & MISSNER LTDA";"";"0,00";"0,00";"0,00";"0,00";"	7896544927551";"	7896544927551";"0.00";"0.00";"0.00";"";"FITA DE SILICONE HIPOALERGICA MISSNER 5,0cm X 4,5m";"";"0,00";"Produto";"Terceiros";"";"";"";"";"0,00";"	";"";"";"";"13.011.00";"0";"";"";"	";"";"0";"NÃO";"NOVO";"NÃO";"";"";"";"Centímetro";"30,006";"0,0000";"0,0000";"0,0000";"";"";"";"";"";"";"";"";"";"";"";"";"";"";"";"";"";"";"";"";"";"";"";"";"";"";"";"";""
"16544887401";"PA.0384	";"FITA MICROPOROSA  ADEPELE 2,5CM X 10M";"";"";"0";"0,000";"0,00";"";"Ativo";"0,0000000000";"0,000";"	";"";"";"0,00";"0,00";"0,00";"0,00";"	";"	";"0.00";"0.00";"0.00";"";"";"";"0,00";"";"Própria";"";"";"Produto Acabado";"";"0,00";"	";"0";"";"";"";"0";"";"0";"	";"";"";"NÃO";"NÃO ESPECIFICADO";"NÃO";"";"";"";"Centímetro";"0,000";"0,0000";"0,0000";"0,0000";"";"";"";"";"";"";"";"";"";"";"";"";"";"";"";"";"";"";"";"";"";"";"";"";"";"";"";"";""
"16579910798";"	";"FITA MICROPOROSA BEGE MISSNER 1,2cm X 10m";"UN";"3005.10.90";"5";"2,270";"0,00";"";"Ativo";"120,0000000000";"2,270";"	PA.0368";"MISSNER & MISSNER LTDA";"";"0,00";"0,00";"0,00";"0,00";"	7896544900240";"	7896544900240";"0.00";"0.00";"0.00";"";"FITA MICROPOROSA BEGE MISSNER 1,2cm X 10m";"";"0,00";"";"Terceiros";"";"";"";"";"0,00";"	";"0";"";"";"13.011.00";"0";"";"0";"	";"";"0";"NÃO";"NOVO";"NÃO";"";"";"";"Centímetro";"2,270";"0,0000";"0,0000";"0,0000";"";"";"";"";"";"";"";"";"";"";"";"";"";"";"";"";"";"";"";"";"";"";"";"";"";"";"";"";""
"16579910792";"	";"FITA MICROPOROSA BEGE MISSNER 2,5cm X 10m";"UN";"3005.10.90";"5";"3,620";"0,00";"";"Ativo";"60,0000000000";"3,620";"	PA.0372";"MISSNER & MISSNER LTDA";"";"0,00";"0,00";"0,00";"0,00";"	7896544900233";"	7896544900233";"0.00";"0.00";"0.00";"";"FITA MICROPOROSA BEGE MISSNER 2,5cm X 10m";"";"0,00";"Produto";"Terceiros";"";"";"";"";"0,00";"	";"";"";"";"13.011.00";"0";"";"";"	";"";"0";"NÃO";"NOVO";"NÃO";"";"";"";"Centímetro";"3,620";"0,0000";"0,0000";"0,0000";"";"";"";"";"";"";"";"";"";"";"";"";"";"";"";"";"";"";"";"";"";"";"";"";"";"";"";"";""
"16579910787";"	";"FITA MICROPOROSA BEGE MISSNER 5,0cm X 10m";"UN";"3005.10.90";"5";"5,600";"0,00";"";"Ativo";"72,0000000000";"5,600";"	PA.0375";"MISSNER & MISSNER LTDA";"";"0,00";"0,00";"0,00";"0,00";"	7896544900226";"	7896544900226";"0.00";"0.00";"0.00";"";"FITA MICROPOROSA BEGE MISSNER 5,0cm X 10m";"";"0,00";"Produto";"Terceiros";"";"";"";"";"0,00";"	";"";"";"";"13.011.00";"0";"";"";"	";"";"0";"NÃO";"NOVO";"NÃO";"";"";"";"Centímetro";"5,600";"0,0000";"0,0000";"0,0000";"";"";"";"";"";"";"";"";"";"";"";"";"";"";"";"";"";"";"";"";"";"";"";"";"";"";"";"";""
"16549956871";"PA.1256	";"FITA MICROPOROSA BRANCO ADPELE 1,2cm X 10m";"UN";"3005.10.90";"5";"1,560";"0,00";"";"Ativo";"20,0000000000";"1,560";"	PA.1256";"MISSNER & MISSNER LTDA";"";"0,00";"0,00";"0,00";"0,00";"	7896544901421";"	7896544901421";"0.00";"0.00";"0.00";"";"FITA MICROPOROSA BRANCO ADPELE 1,2cm X 10m";"";"0,00";"";"Terceiros";"";"";"";"";"0,00";"	";"0";"";"";"13.011.00";"0";"";"0";"	";"";"0";"NÃO";"NOVO";"NÃO";"";"";"";"Centímetro";"1,560";"0,0000";"0,0000";"0,0000";"";"";"";"";"";"";"";"";"";"";"";"";"";"";"";"";"";"";"";"";"";"";"";"";"";"";"";"";""
"16654280353";"	";"FITA MICROPOROSA BRANCO ADPELE 10cm X 10m";"UN";"3005.10.90";"5";"8,760";"0,00";"";"Ativo";"14,0000000000";"8,760";"	PA.0383";"MISSNER & MISSNER LTDA";"";"0,00";"0,00";"0,00";"0,00";"	7896544901391";"	7896544901391";"0.00";"0.00";"0.00";"";"FITA MICROPOROSA BRANCO ADPELE 10cm X 10m";"";"0,00";"Produto";"Terceiros";"";"";"";"";"0,00";"	";"";"";"";"13.011.00";"0";"";"";"	";"";"0";"NÃO";"NOVO";"NÃO";"";"";"";"Centímetro";"8,760";"0,0000";"0,0000";"0,0000";"";"";"";"";"";"";"";"";"";"";"";"";"";"";"";"";"";"";"";"";"";"";"";"";"";"";"";"";""
"16549956883";"	";"FITA MICROPOROSA BRANCO ADPELE 2,5cm X 10m";"UN";"3005.10.90";"5";"2,080";"0,00";"";"Ativo";"2,0000000000";"2,080";"	PA.0384";"MISSNER & MISSNER LTDA";"";"0,00";"0,00";"0,00";"0,00";"	7896544901414";"	7896544901414";"0.00";"0.00";"0.00";"";"FITA MICROPOROSA BRANCO ADPELE 2,5cm X 10m";"";"0,00";"Produto";"Terceiros";"";"";"";"";"0,00";"	";"";"";"";"13.011.00";"0";"";"";"	";"";"0";"NÃO";"NOVO";"NÃO";"";"";"";"Centímetro";"2,080";"0,0000";"0,0000";"0,0000";"";"";"";"";"";"";"";"";"";"";"";"";"";"";"";"";"";"";"";"";"";"";"";"";"";"";"";"";""
"16350898796";"PA.1313	";"FITA MICROPOROSA SHOW DA LUNA 2,5CM X 3,0M";"UN";"3005.10.90";"0";"0,000";"0,00";"";"Ativo";"17,0000000000";"0,000";"	";"";"";"0,00";"0,00";"0,00";"0,00";"	7896544925588";"	";"0.00";"0.00";"0.00";"";"";"";"0,00";"";"Própria";"";"";"";"";"0,00";"	";"0";"";"MISSNER";"13.011.00";"0";"";"0";"	";"";"";"NÃO";"NOVO";"NÃO";"";"";"";"Centímetro";"0,000";"0,0000";"0,0000";"0,0000";"";"";"";"";"";"";"";"";"";"";"";"";"";"";"";"";"";"";"";"";"";"";"";"";"";"";"";"";""
"16686466204";"4553563451	";"Fita Microporosa Show Da Luna Missner 2,5mx3m Infantil";"";"";"0";"21,990";"0,00";"";"Ativo";"0,0000000000";"0,000";"	";"";"";"0,00";"0,00";"0,00";"0,00";"	";"	";"0.00";"0.00";"0.00";"";"";"";"0,00";"Produto";"Terceiros";"";"";"";"";"0,00";"	";"";"";"";"";"0";"";"";"	";"";"";"NÃO";"NOVO";"NÃO";"";"";"";"Centímetro";"0,000";"0,0000";"0,0000";"0,0000";"";"";"";"";"";"";"";"";"";"";"";"";"";"";"";"";"";"";"";"";"";"";"";"";"";"";"";"";""
"16384377930";"	";"FITA PROTETORA PARA OS PES MISSNER 2,5cm X 3,0m CAIXA C/ 30 UND ; LOTE: 15B23";"CX";"3005.10.90";"1";"51,900";"0,00";"";"Ativo";"24,0000000000";"51,900";"	PA.0822";"MISSNER & MISSNER LTDA";"";"0,00";"0,00";"0,00";"0,00";"	7896544901315";"	7896544901315";"0.00";"0.00";"0.00";"";"FITA PROTETORA PARA OS PES MISSNER 2,5cm X 3,0m CAIXA C/ 30 UND ; LOTE: 15B23";"";"0,00";"Produto";"Terceiros";"";"";"";"";"0,00";"	";"";"";"";"13.011.00";"0";"";"";"	";"";"0";"NÃO";"NOVO";"NÃO";"";"";"";"Centímetro";"51,900";"0,0000";"0,0000";"0,0000";"";"";"";"";"";"";"";"";"";"";"";"";"";"";"";"";"";"";"";"";"";"";"";"";"";"";"";"";""
"16349465631";"	";"FRALDA SEVEN MASTER G C/ 8 UN";"PC";"9619.00.00";"0";"9,360";"0,00";"";"Ativo";"0,0000000000";"9,360";"	609";"PARENTEX INDUSTRIA E COM. LTDA";"";"0,00";"0,00";"0,00";"0,00";"	7898172340054";"	7898172340054";"0.00";"0.00";"0.00";"";"FRALDA SEVEN MASTER G C/ 8 UN";"";"0,00";"Produto";"Terceiros";"";"";"";"";"0,00";"	";"";"";"";"20.048.00";"0";"";"";"	";"";"0";"NÃO";"NOVO";"NÃO";"";"";"";"Centímetro";"9,360";"0,0000";"0,0000";"0,0000";"";"";"";"";"";"";"";"";"";"";"";"";"";"";"";"";"";"";"";"";"";"";"";"";"";"";"";"";""
"16456089286";"	";"FRALDA SEVEN MASTER M C/ 8 UN";"PC";"9619.00.00";"0";"9,200";"0,00";"";"Ativo";"0,0000000000";"9,200";"	608";"PARENTEX INDUSTRIA E COM. LTDA";"";"0,00";"0,00";"0,00";"0,00";"	7898172340047";"	7898172340047";"0.00";"0.00";"0.00";"";"FRALDA SEVEN MASTER M C/ 8 UN";"";"0,00";"Produto";"Terceiros";"";"";"";"";"0,00";"	";"";"";"";"20.048.00";"0";"";"";"	";"";"0";"NÃO";"NOVO";"NÃO";"";"";"";"Centímetro";"9,200";"0,0000";"0,0000";"0,0000";"";"";"";"";"";"";"";"";"";"";"";"";"";"";"";"";"";"";"";"";"";"";"";"";"";"";"";"";""
"16613700558";"	";"HASTE ANJINHO C/ 75 - USO DIARIO";"UN";"5601.21.90";"0";"1,630";"0,00";"";"Ativo";"6,0000000000";"1,630";"	1402";"PARENTEX INDUSTRIA E COM. LTDA";"";"0,00";"0,00";"0,00";"0,00";"	7898172341730";"	7898172341730";"0.00";"0.00";"0.00";"";"HASTE ANJINHO C/ 75 - USO DIARIO";"";"0,00";"Produto";"Terceiros";"";"";"";"";"0,00";"	";"";"";"";"20.051.00";"0";"";"";"	";"";"0";"NÃO";"NOVO";"NÃO";"";"";"";"Centímetro";"1,630";"0,0000";"0,0000";"0,0000";"";"";"";"";"";"";"";"";"";"";"";"";"";"";"";"";"";"";"";"";"";"";"";"";"";"";"";"";""
"16351448440";"HBCORP	";"Herbalm Hidratante Corporal 250ml";"Un";"3304.99.90";"0";"139,900";"0,00";"";"Ativo";"23,0000000000";"43,950";"	7898676712760";"JMD2 Comercial Digital Ltda";"";"0,00";"0,00";"0,25";"0,25";"	7898676712760";"	7898676712760";"15.00";"30.00";"5.00";"";"Herbalm Hidratante Corporal 250ml";"";"0,00";"";"Terceiros";"";"";"";"";"0,00";"	";"0";"";"LabPharma";"20.015.00";"0";"<p><span style=""color: rgba(0, 0, 0, 0.55); font-family: 'Proxima Nova', -apple-system, Roboto, Arial, sans-serif; font-size: 20px;"">HERBALM Hidratante Corporal: Regeneração Profunda para Pele Extremamente Ressecada</span><br style=""box-sizing: border-box; font-family: 'Proxima Nova', -apple-system, Roboto, Arial, sans-serif; color: rgba(0, 0, 0, 0.55); font-size: 20px;"" /><br style=""box-sizing: border-box; font-family: 'Proxima Nova', -apple-system, Roboto, Arial, sans-serif; color: rgba(0, 0, 0, 0.55); font-size: 20px;"" /><span style=""color: rgba(0, 0, 0, 0.55); font-family: 'Proxima Nova', -apple-system, Roboto, Arial, sans-serif; font-size: 20px;"">O HERBALM HIDRATANTE CORPORAL é um poderoso regenerador que vai além de um simples hidratante. Ele foi formulado para oferecer alívio imediato e nutrição profunda, ideal para aqueles que enfrentam o desafio do ressecamento extremo. Sua fórmula exclusiva combina ingredientes ativos cuidadosamente selecionados para proporcionar uma solução completa de reparação, hidratação e proteção para todos os tipos de pele, incluindo a sensível das pessoas com diabetes.</span><br style=""box-sizing: border-box; font-family: 'Proxima Nova', -apple-system, Roboto, Arial, sans-serif; color: rgba(0, 0, 0, 0.55); font-size: 20px;"" /><br style=""box-sizing: border-box; font-family: 'Proxima Nova', -apple-system, Roboto, Arial, sans-serif; color: rgba(0, 0, 0, 0.55); font-size: 20px;"" /><span style=""color: rgba(0, 0, 0, 0.55); font-family: 'Proxima Nova', -apple-system, Roboto, Arial, sans-serif; font-size: 20px;"">Benefícios do HERBALM Hidratante Corporal:</span><br style=""box-sizing: border-box; font-family: 'Proxima Nova', -apple-system, Roboto, Arial, sans-serif; color: rgba(0, 0, 0, 0.55); font-size: 20px;"" /><span style=""color: rgba(0, 0, 0, 0.55); font-family: 'Proxima Nova', -apple-system, Roboto, Arial, sans-serif; font-size: 20px;"">Alívio Imediato do Ressecamento Extremo: Proporciona alívio rápido para a pele severamente ressecada, eliminando asperezas e descamações.</span><br style=""box-sizing: border-box; font-family: 'Proxima Nova', -apple-system, Roboto, Arial, sans-serif; color: rgba(0, 0, 0, 0.55); font-size: 20px;"" /><br style=""box-sizing: border-box; font-family: 'Proxima Nova', -apple-system, Roboto, Arial, sans-serif; color: rgba(0, 0, 0, 0.55); font-size: 20px;"" /><span style=""color: rgba(0, 0, 0, 0.55); font-family: 'Proxima Nova', -apple-system, Roboto, Arial, sans-serif; font-size: 20px;"">Nutrição Profunda: Enriquecido com Dexpantenol, Óleos de Amêndoa Doce e de Arroz, Manteiga de Murumuru e Glicerina, nutre a pele desvitalizada em profundidade, restaurando elasticidade e vitalidade.</span><br style=""box-sizing: border-box; font-family: 'Proxima Nova', -apple-system, Roboto, Arial, sans-serif; color: rgba(0, 0, 0, 0.55); font-size: 20px;"" /><br style=""box-sizing: border-box; font-family: 'Proxima Nova', -apple-system, Roboto, Arial, sans-serif; color: rgba(0, 0, 0, 0.55); font-size: 20px;"" /><span style=""color: rgba(0, 0, 0, 0.55); font-family: 'Proxima Nova', -apple-system, Roboto, Arial, sans-serif; font-size: 20px;"">Proteção Prolongada: Repõe a camada hidratante da pele, formando uma barreira protetora que defende contra agressões externas e evita a desidratação ao longo do dia.</span><br style=""box-sizing: border-box; font-family: 'Proxima Nova', -apple-system, Roboto, Arial, sans-serif; color: rgba(0, 0, 0, 0.55); font-size: 20px;"" /><br style=""box-sizing: border-box; font-family: 'Proxima Nova', -apple-system, Roboto, Arial, sans-serif; color: rgba(0, 0, 0, 0.55); font-size: 20px;"" /><span style=""color: rgba(0, 0, 0, 0.55); font-family: 'Proxima Nova', -apple-system, Roboto, Arial, sans-serif; font-size: 20px;"">Respeito à Integridade da Pele: Dermatologicamente testado e formulado com ingredientes de origem vegetal, garante resultados eficazes e seguros.</span><br style=""box-sizing: border-box; font-family: 'Proxima Nova', -apple-system, Roboto, Arial, sans-serif; color: rgba(0, 0, 0, 0.55); font-size: 20px;"" /><br style=""box-sizing: border-box; font-family: 'Proxima Nova', -apple-system, Roboto, Arial, sans-serif; color: rgba(0, 0, 0, 0.55); font-size: 20px;"" /><span style=""color: rgba(0, 0, 0, 0.55); font-family: 'Proxima Nova', -apple-system, Roboto, Arial, sans-serif; font-size: 20px;"">Ingredientes Biologicamente Ativos:</span><br style=""box-sizing: border-box; font-family: 'Proxima Nova', -apple-system, Roboto, Arial, sans-serif; color: rgba(0, 0, 0, 0.55); font-size: 20px;"" /><span style=""color: rgba(0, 0, 0, 0.55); font-family: 'Proxima Nova', -apple-system, Roboto, Arial, sans-serif; font-size: 20px;"">Dexpantenol: Emoliente com ação hidratante, ideal para tratar fissuras e pele áspera.</span><br style=""box-sizing: border-box; font-family: 'Proxima Nova', -apple-system, Roboto, Arial, sans-serif; color: rgba(0, 0, 0, 0.55); font-size: 20px;"" /><br style=""box-sizing: border-box; font-family: 'Proxima Nova', -apple-system, Roboto, Arial, sans-serif; color: rgba(0, 0, 0, 0.55); font-size: 20px;"" /><span style=""color: rgba(0, 0, 0, 0.55); font-family: 'Proxima Nova', -apple-system, Roboto, Arial, sans-serif; font-size: 20px;"">Óleos de Amêndoa Doce e de Arroz: Emolientes e antioxidantes que protegem a hidratação natural, melhoram a elasticidade e suavizam a pele.</span><br style=""box-sizing: border-box; font-family: 'Proxima Nova', -apple-system, Roboto, Arial, sans-serif; color: rgba(0, 0, 0, 0.55); font-size: 20px;"" /><br style=""box-sizing: border-box; font-family: 'Proxima Nova', -apple-system, Roboto, Arial, sans-serif; color: rgba(0, 0, 0, 0.55); font-size: 20px;"" /><span style=""color: rgba(0, 0, 0, 0.55); font-family: 'Proxima Nova', -apple-system, Roboto, Arial, sans-serif; font-size: 20px;"">Manteiga de Murumuru: Rica em nutrientes, possui ação regeneradora e hidratante, deixando a pele macia e suave.</span><br style=""box-sizing: border-box; font-family: 'Proxima Nova', -apple-system, Roboto, Arial, sans-serif; color: rgba(0, 0, 0, 0.55); font-size: 20px;"" /><br style=""box-sizing: border-box; font-family: 'Proxima Nova', -apple-system, Roboto, Arial, sans-serif; color: rgba(0, 0, 0, 0.55); font-size: 20px;"" /><span style=""color: rgba(0, 0, 0, 0.55); font-family: 'Proxima Nova', -apple-system, Roboto, Arial, sans-serif; font-size: 20px;"">Glicerina: Intensifica a hidratação, suaviza e aumenta a elasticidade da pele.</span><br style=""box-sizing: border-box; font-family: 'Proxima Nova', -apple-system, Roboto, Arial, sans-serif; color: rgba(0, 0, 0, 0.55); font-size: 20px;"" /><br style=""box-sizing: border-box; font-family: 'Proxima Nova', -apple-system, Roboto, Arial, sans-serif; color: rgba(0, 0, 0, 0.55); font-size: 20px;"" /><span style=""color: rgba(0, 0, 0, 0.55); font-family: 'Proxima Nova', -apple-system, Roboto, Arial, sans-serif; font-size: 20px;"">Ureia: Estimula a regeneração celular, promovendo uma pele renovada e hidratada.</span><br style=""box-sizing: border-box; font-family: 'Proxima Nova', -apple-system, Roboto, Arial, sans-serif; color: rgba(0, 0, 0, 0.55); font-size: 20px;"" /><br style=""box-sizing: border-box; font-family: 'Proxima Nova', -apple-system, Roboto, Arial, sans-serif; color: rgba(0, 0, 0, 0.55); font-size: 20px;"" /><span style=""color: rgba(0, 0, 0, 0.55); font-family: 'Proxima Nova', -apple-system, Roboto, Arial, sans-serif; font-size: 20px;"">Ao usar diariamente o HERBALM HIDRATANTE CORPORAL, você revitaliza a pele severamente ressecada, deixando-a lisa, acetinada e protegida contra os efeitos do ressecamento. Desenvolvido em conjunto com dermatologistas, este produto garante eficácia e segurança para sua pele.</span><br style=""box-sizing: border-box; font-family: 'Proxima Nova', -apple-system, Roboto, Arial, sans-serif; color: rgba(0, 0, 0, 0.55); font-size: 20px;"" /><br style=""box-sizing: border-box; font-family: 'Proxima Nova', -apple-system, Roboto, Arial, sans-serif; color: rgba(0, 0, 0, 0.55); font-size: 20px;"" /><span style=""color: rgba(0, 0, 0, 0.55); font-family: 'Proxima Nova', -apple-system, Roboto, Arial, sans-serif; font-size: 20px;"">Descubra o poder de regeneração do HERBALM HIDRATANTE CORPORAL e proporcione à sua pele o cuidado que ela merece.</span></p>";"0";"	";"";"0";"NÃO";"NOVO";"NÃO";"";"";"";"Centímetro";"43,950";"0,0000";"0,0000";"0,0000";"Shopee>>Saúde>>Suprimentos Médicos>>Cuidados Pessoais";"";"Creme Corporal hidratante";"LabPharma";"";"Herbalm Hidratante Corporal 250ml";"";"";"";"";"";"";"";"";"";"";"";"";"";"";"";"";"";"";"";"";"";"";""
"16351448439";"HBCAL	";"Herbalm Regenerador de Calcanhares 150g";"Un";"3304.99.90";"0";"139,900";"0,00";"";"Ativo";"34,0000000000";"49,450";"	7898676712753";"JMD2 Comercial Digital Ltda";"";"0,00";"0,00";"0,15";"0,15";"	7898676712753";"	7898676712753";"15.00";"15.00";"10.00";"";"Herbalm Regenerador de Calcanhares 150g";"";"0,00";"";"Terceiros";"";"";"";"";"0,00";"	";"0";"";"LabPharma";"20.015.00";"0";"<p class=""QN2lPu"" style=""color: rgba(0, 0, 0, 0.8); font-family: Roboto, SHPBurmese, SHPKhmer, 'Helvetica Neue', Helvetica, Arial, 文泉驛正黑, 'WenQuanYi Zen Hei', 'Hiragino Sans GB', '儷黑 Pro', 'LiHei Pro', 'Heiti TC', 微軟正黑體, 'Microsoft JhengHei UI', 'Microsoft JhengHei', sans-serif; white-space-collapse: preserve;"">HERBALM REGENERADOR DOS PÉS E CALCANHARES</p>
<p class=""QN2lPu"" style=""color: rgba(0, 0, 0, 0.8); font-family: Roboto, SHPBurmese, SHPKhmer, 'Helvetica Neue', Helvetica, Arial, 文泉驛正黑, 'WenQuanYi Zen Hei', 'Hiragino Sans GB', '儷黑 Pro', 'LiHei Pro', 'Heiti TC', 微軟正黑體, 'Microsoft JhengHei UI', 'Microsoft JhengHei', sans-serif; white-space-collapse: preserve;""> </p>
<p class=""QN2lPu"" style=""color: rgba(0, 0, 0, 0.8); font-family: Roboto, SHPBurmese, SHPKhmer, 'Helvetica Neue', Helvetica, Arial, 文泉驛正黑, 'WenQuanYi Zen Hei', 'Hiragino Sans GB', '儷黑 Pro', 'LiHei Pro', 'Heiti TC', 微軟正黑體, 'Microsoft JhengHei UI', 'Microsoft JhengHei', sans-serif; white-space-collapse: preserve;"">Rachaduras &amp; Asperezas &amp; Calosidades</p>
<p class=""QN2lPu"" style=""color: rgba(0, 0, 0, 0.8); font-family: Roboto, SHPBurmese, SHPKhmer, 'Helvetica Neue', Helvetica, Arial, 文泉驛正黑, 'WenQuanYi Zen Hei', 'Hiragino Sans GB', '儷黑 Pro', 'LiHei Pro', 'Heiti TC', 微軟正黑體, 'Microsoft JhengHei UI', 'Microsoft JhengHei', sans-serif; white-space-collapse: preserve;""> </p>
<p class=""QN2lPu"" style=""color: rgba(0, 0, 0, 0.8); font-family: Roboto, SHPBurmese, SHPKhmer, 'Helvetica Neue', Helvetica, Arial, 文泉驛正黑, 'WenQuanYi Zen Hei', 'Hiragino Sans GB', '儷黑 Pro', 'LiHei Pro', 'Heiti TC', 微軟正黑體, 'Microsoft JhengHei UI', 'Microsoft JhengHei', sans-serif; white-space-collapse: preserve;""> </p>
<p class=""QN2lPu"" style=""color: rgba(0, 0, 0, 0.8); font-family: Roboto, SHPBurmese, SHPKhmer, 'Helvetica Neue', Helvetica, Arial, 文泉驛正黑, 'WenQuanYi Zen Hei', 'Hiragino Sans GB', '儷黑 Pro', 'LiHei Pro', 'Heiti TC', 微軟正黑體, 'Microsoft JhengHei UI', 'Microsoft JhengHei', sans-serif; white-space-collapse: preserve;""> </p>
<p class=""QN2lPu"" style=""color: rgba(0, 0, 0, 0.8); font-family: Roboto, SHPBurmese, SHPKhmer, 'Helvetica Neue', Helvetica, Arial, 文泉驛正黑, 'WenQuanYi Zen Hei', 'Hiragino Sans GB', '儷黑 Pro', 'LiHei Pro', 'Heiti TC', 微軟正黑體, 'Microsoft JhengHei UI', 'Microsoft JhengHei', sans-serif; white-space-collapse: preserve;"">DERMO-RESTAURAÇÃO DA PELE CALCÂNEA</p>
<p class=""QN2lPu"" style=""color: rgba(0, 0, 0, 0.8); font-family: Roboto, SHPBurmese, SHPKhmer, 'Helvetica Neue', Helvetica, Arial, 文泉驛正黑, 'WenQuanYi Zen Hei', 'Hiragino Sans GB', '儷黑 Pro', 'LiHei Pro', 'Heiti TC', 微軟正黑體, 'Microsoft JhengHei UI', 'Microsoft JhengHei', sans-serif; white-space-collapse: preserve;"">Em Profundo Estado de Ressecamento e Descamação</p>
<p class=""QN2lPu"" style=""color: rgba(0, 0, 0, 0.8); font-family: Roboto, SHPBurmese, SHPKhmer, 'Helvetica Neue', Helvetica, Arial, 文泉驛正黑, 'WenQuanYi Zen Hei', 'Hiragino Sans GB', '儷黑 Pro', 'LiHei Pro', 'Heiti TC', 微軟正黑體, 'Microsoft JhengHei UI', 'Microsoft JhengHei', sans-serif; white-space-collapse: preserve;""> </p>
<p class=""QN2lPu"" style=""color: rgba(0, 0, 0, 0.8); font-family: Roboto, SHPBurmese, SHPKhmer, 'Helvetica Neue', Helvetica, Arial, 文泉驛正黑, 'WenQuanYi Zen Hei', 'Hiragino Sans GB', '儷黑 Pro', 'LiHei Pro', 'Heiti TC', 微軟正黑體, 'Microsoft JhengHei UI', 'Microsoft JhengHei', sans-serif; white-space-collapse: preserve;"">Valoriza a beleza dos seus pés e restaura em profundidade os danos causados pelo ressecamento extremo. Formulado e indicado para pele de diabéticos</p>
<p class=""QN2lPu"" style=""color: rgba(0, 0, 0, 0.8); font-family: Roboto, SHPBurmese, SHPKhmer, 'Helvetica Neue', Helvetica, Arial, 文泉驛正黑, 'WenQuanYi Zen Hei', 'Hiragino Sans GB', '儷黑 Pro', 'LiHei Pro', 'Heiti TC', 微軟正黑體, 'Microsoft JhengHei UI', 'Microsoft JhengHei', sans-serif; white-space-collapse: preserve;""> </p>
<p class=""QN2lPu"" style=""color: rgba(0, 0, 0, 0.8); font-family: Roboto, SHPBurmese, SHPKhmer, 'Helvetica Neue', Helvetica, Arial, 文泉驛正黑, 'WenQuanYi Zen Hei', 'Hiragino Sans GB', '儷黑 Pro', 'LiHei Pro', 'Heiti TC', 微軟正黑體, 'Microsoft JhengHei UI', 'Microsoft JhengHei', sans-serif; white-space-collapse: preserve;"">Uréia 10% + Dexpantenol; Formula Vegana; Dermatologicamente testado</p>
<p class=""QN2lPu"" style=""color: rgba(0, 0, 0, 0.8); font-family: Roboto, SHPBurmese, SHPKhmer, 'Helvetica Neue', Helvetica, Arial, 文泉驛正黑, 'WenQuanYi Zen Hei', 'Hiragino Sans GB', '儷黑 Pro', 'LiHei Pro', 'Heiti TC', 微軟正黑體, 'Microsoft JhengHei UI', 'Microsoft JhengHei', sans-serif; white-space-collapse: preserve;""> </p>
<p class=""QN2lPu"" style=""color: rgba(0, 0, 0, 0.8); font-family: Roboto, SHPBurmese, SHPKhmer, 'Helvetica Neue', Helvetica, Arial, 文泉驛正黑, 'WenQuanYi Zen Hei', 'Hiragino Sans GB', '儷黑 Pro', 'LiHei Pro', 'Heiti TC', 微軟正黑體, 'Microsoft JhengHei UI', 'Microsoft JhengHei', sans-serif; white-space-collapse: preserve;""> </p>
<p class=""QN2lPu"" style=""color: rgba(0, 0, 0, 0.8); font-family: Roboto, SHPBurmese, SHPKhmer, 'Helvetica Neue', Helvetica, Arial, 文泉驛正黑, 'WenQuanYi Zen Hei', 'Hiragino Sans GB', '儷黑 Pro', 'LiHei Pro', 'Heiti TC', 微軟正黑體, 'Microsoft JhengHei UI', 'Microsoft JhengHei', sans-serif; white-space-collapse: preserve;"">Herbalm Tratamento Dermo-Regenerador dos Pés e dos Calcanhares elimina o espessamento e a descamação; repara as rachaduras e fissuras em profundidade; suaviza os calos e as asperezas da pele, tornando-a absolutamente lisa e refinada, renovando sua beleza e funcionalidade.</p>
<p class=""QN2lPu"" style=""color: rgba(0, 0, 0, 0.8); font-family: Roboto, SHPBurmese, SHPKhmer, 'Helvetica Neue', Helvetica, Arial, 文泉驛正黑, 'WenQuanYi Zen Hei', 'Hiragino Sans GB', '儷黑 Pro', 'LiHei Pro', 'Heiti TC', 微軟正黑體, 'Microsoft JhengHei UI', 'Microsoft JhengHei', sans-serif; white-space-collapse: preserve;""> </p>
<p class=""QN2lPu"" style=""color: rgba(0, 0, 0, 0.8); font-family: Roboto, SHPBurmese, SHPKhmer, 'Helvetica Neue', Helvetica, Arial, 文泉驛正黑, 'WenQuanYi Zen Hei', 'Hiragino Sans GB', '儷黑 Pro', 'LiHei Pro', 'Heiti TC', 微軟正黑體, 'Microsoft JhengHei UI', 'Microsoft JhengHei', sans-serif; white-space-collapse: preserve;""> </p>
<p class=""QN2lPu"" style=""color: rgba(0, 0, 0, 0.8); font-family: Roboto, SHPBurmese, SHPKhmer, 'Helvetica Neue', Helvetica, Arial, 文泉驛正黑, 'WenQuanYi Zen Hei', 'Hiragino Sans GB', '儷黑 Pro', 'LiHei Pro', 'Heiti TC', 微軟正黑體, 'Microsoft JhengHei UI', 'Microsoft JhengHei', sans-serif; white-space-collapse: preserve;""> </p>
<p class=""QN2lPu"" style=""color: rgba(0, 0, 0, 0.8); font-family: Roboto, SHPBurmese, SHPKhmer, 'Helvetica Neue', Helvetica, Arial, 文泉驛正黑, 'WenQuanYi Zen Hei', 'Hiragino Sans GB', '儷黑 Pro', 'LiHei Pro', 'Heiti TC', 微軟正黑體, 'Microsoft JhengHei UI', 'Microsoft JhengHei', sans-serif; white-space-collapse: preserve;"">Os resultados positivos são verdadeiramente sentidos desde as primeiras aplicações.</p>
<p class=""QN2lPu"" style=""color: rgba(0, 0, 0, 0.8); font-family: Roboto, SHPBurmese, SHPKhmer, 'Helvetica Neue', Helvetica, Arial, 文泉驛正黑, 'WenQuanYi Zen Hei', 'Hiragino Sans GB', '儷黑 Pro', 'LiHei Pro', 'Heiti TC', 微軟正黑體, 'Microsoft JhengHei UI', 'Microsoft JhengHei', sans-serif; white-space-collapse: preserve;""> </p>
<p class=""QN2lPu"" style=""color: rgba(0, 0, 0, 0.8); font-family: Roboto, SHPBurmese, SHPKhmer, 'Helvetica Neue', Helvetica, Arial, 文泉驛正黑, 'WenQuanYi Zen Hei', 'Hiragino Sans GB', '儷黑 Pro', 'LiHei Pro', 'Heiti TC', 微軟正黑體, 'Microsoft JhengHei UI', 'Microsoft JhengHei', sans-serif; white-space-collapse: preserve;"">Mostre seus pés sem medo.</p>
<p class=""QN2lPu"" style=""color: rgba(0, 0, 0, 0.8); font-family: Roboto, SHPBurmese, SHPKhmer, 'Helvetica Neue', Helvetica, Arial, 文泉驛正黑, 'WenQuanYi Zen Hei', 'Hiragino Sans GB', '儷黑 Pro', 'LiHei Pro', 'Heiti TC', 微軟正黑體, 'Microsoft JhengHei UI', 'Microsoft JhengHei', sans-serif; white-space-collapse: preserve;""> </p>
<p class=""QN2lPu"" style=""color: rgba(0, 0, 0, 0.8); font-family: Roboto, SHPBurmese, SHPKhmer, 'Helvetica Neue', Helvetica, Arial, 文泉驛正黑, 'WenQuanYi Zen Hei', 'Hiragino Sans GB', '儷黑 Pro', 'LiHei Pro', 'Heiti TC', 微軟正黑體, 'Microsoft JhengHei UI', 'Microsoft JhengHei', sans-serif; white-space-collapse: preserve;"">Não sinta mais desconforto ao caminhar ou usar calçados.</p>
<p class=""QN2lPu"" style=""color: rgba(0, 0, 0, 0.8); font-family: Roboto, SHPBurmese, SHPKhmer, 'Helvetica Neue', Helvetica, Arial, 文泉驛正黑, 'WenQuanYi Zen Hei', 'Hiragino Sans GB', '儷黑 Pro', 'LiHei Pro', 'Heiti TC', 微軟正黑體, 'Microsoft JhengHei UI', 'Microsoft JhengHei', sans-serif; white-space-collapse: preserve;""> </p>
<p class=""QN2lPu"" style=""color: rgba(0, 0, 0, 0.8); font-family: Roboto, SHPBurmese, SHPKhmer, 'Helvetica Neue', Helvetica, Arial, 文泉驛正黑, 'WenQuanYi Zen Hei', 'Hiragino Sans GB', '儷黑 Pro', 'LiHei Pro', 'Heiti TC', 微軟正黑體, 'Microsoft JhengHei UI', 'Microsoft JhengHei', sans-serif; white-space-collapse: preserve;""> </p>
<p class=""QN2lPu"" style=""color: rgba(0, 0, 0, 0.8); font-family: Roboto, SHPBurmese, SHPKhmer, 'Helvetica Neue', Helvetica, Arial, 文泉驛正黑, 'WenQuanYi Zen Hei', 'Hiragino Sans GB', '儷黑 Pro', 'LiHei Pro', 'Heiti TC', 微軟正黑體, 'Microsoft JhengHei UI', 'Microsoft JhengHei', sans-serif; white-space-collapse: preserve;"">Ingredientes biologicamente ativos:</p>
<p class=""QN2lPu"" style=""color: rgba(0, 0, 0, 0.8); font-family: Roboto, SHPBurmese, SHPKhmer, 'Helvetica Neue', Helvetica, Arial, 文泉驛正黑, 'WenQuanYi Zen Hei', 'Hiragino Sans GB', '儷黑 Pro', 'LiHei Pro', 'Heiti TC', 微軟正黑體, 'Microsoft JhengHei UI', 'Microsoft JhengHei', sans-serif; white-space-collapse: preserve;"">Dexpantenol: Emoliente de ação hidratante nos tratamentos de dermatoses hiperceratósica, assaduras, fissuras, dermatoses secas, pele seca e áspera, hiperqueratose palmar e plantar e ressecamento da pele.</p>
<p class=""QN2lPu"" style=""color: rgba(0, 0, 0, 0.8); font-family: Roboto, SHPBurmese, SHPKhmer, 'Helvetica Neue', Helvetica, Arial, 文泉驛正黑, 'WenQuanYi Zen Hei', 'Hiragino Sans GB', '儷黑 Pro', 'LiHei Pro', 'Heiti TC', 微軟正黑體, 'Microsoft JhengHei UI', 'Microsoft JhengHei', sans-serif; white-space-collapse: preserve;""> </p>
<p class=""QN2lPu"" style=""color: rgba(0, 0, 0, 0.8); font-family: Roboto, SHPBurmese, SHPKhmer, 'Helvetica Neue', Helvetica, Arial, 文泉驛正黑, 'WenQuanYi Zen Hei', 'Hiragino Sans GB', '儷黑 Pro', 'LiHei Pro', 'Heiti TC', 微軟正黑體, 'Microsoft JhengHei UI', 'Microsoft JhengHei', sans-serif; white-space-collapse: preserve;""> </p>
<p class=""QN2lPu"" style=""color: rgba(0, 0, 0, 0.8); font-family: Roboto, SHPBurmese, SHPKhmer, 'Helvetica Neue', Helvetica, Arial, 文泉驛正黑, 'WenQuanYi Zen Hei', 'Hiragino Sans GB', '儷黑 Pro', 'LiHei Pro', 'Heiti TC', 微軟正黑體, 'Microsoft JhengHei UI', 'Microsoft JhengHei', sans-serif; white-space-collapse: preserve;"">Alantoína: Bioativo de alto poder regenerador e curativo, com ação queratolítica suavizante, cicatrizante, antiirritante, antiinflamatório, calmante e regenerante da pele lesada. Age contra o ressecamento extremo tornando a pele lisa e flexível.</p>
<p class=""QN2lPu"" style=""color: rgba(0, 0, 0, 0.8); font-family: Roboto, SHPBurmese, SHPKhmer, 'Helvetica Neue', Helvetica, Arial, 文泉驛正黑, 'WenQuanYi Zen Hei', 'Hiragino Sans GB', '儷黑 Pro', 'LiHei Pro', 'Heiti TC', 微軟正黑體, 'Microsoft JhengHei UI', 'Microsoft JhengHei', sans-serif; white-space-collapse: preserve;""> </p>
<p class=""QN2lPu"" style=""color: rgba(0, 0, 0, 0.8); font-family: Roboto, SHPBurmese, SHPKhmer, 'Helvetica Neue', Helvetica, Arial, 文泉驛正黑, 'WenQuanYi Zen Hei', 'Hiragino Sans GB', '儷黑 Pro', 'LiHei Pro', 'Heiti TC', 微軟正黑體, 'Microsoft JhengHei UI', 'Microsoft JhengHei', sans-serif; white-space-collapse: preserve;"">Ureia: Estimula a regeneração celular favorecendo o surgimento de uma pele renovada. Possui ação esfoliante que diminui a espessura da pele e cicatriza as fissuras, além de ativamente hidratante, mantendo os teores hídricos por um período mais prolongado.</p>
<p class=""QN2lPu"" style=""color: rgba(0, 0, 0, 0.8); font-family: Roboto, SHPBurmese, SHPKhmer, 'Helvetica Neue', Helvetica, Arial, 文泉驛正黑, 'WenQuanYi Zen Hei', 'Hiragino Sans GB', '儷黑 Pro', 'LiHei Pro', 'Heiti TC', 微軟正黑體, 'Microsoft JhengHei UI', 'Microsoft JhengHei', sans-serif; white-space-collapse: preserve;""> </p>
<p class=""QN2lPu"" style=""color: rgba(0, 0, 0, 0.8); font-family: Roboto, SHPBurmese, SHPKhmer, 'Helvetica Neue', Helvetica, Arial, 文泉驛正黑, 'WenQuanYi Zen Hei', 'Hiragino Sans GB', '儷黑 Pro', 'LiHei Pro', 'Heiti TC', 微軟正黑體, 'Microsoft JhengHei UI', 'Microsoft JhengHei', sans-serif; white-space-collapse: preserve;"">Complexo Vegetal Hidratante: Altíssimo poder de hidratação, atuando profundamente em todas as camadas da pele, tornando a pele macia, com sensorial suave ao toque e regeneração celular. Melhora a elasticidade da pele, evitando que ela continue a rachar.</p>";"0";"	";"";"0";"NÃO";"NOVO";"NÃO";"";"";"";"Centímetro";"49,450";"0,0000";"0,0000";"0,0000";"Shopee>>Saúde>>Suprimentos Médicos>>Cuidados Pessoais";"";"Hidratante Regenerador";"LabPharma";"";"Herbalm Regenerador de Calcanhares 150g";"";"";"";"";"";"";"";"";"";"";"";"";"";"";"";"";"";"";"";"";"";"";""
"16570949126";"	";"HIDROCOLOIDE EM PASTA 60G";"PC";"3005.90.90";"5";"44,900";"0,00";"";"Ativo";"0,0000000000";"44,900";"	PA.1463";"MISSNER & MISSNER LTDA";"";"0,00";"0,00";"0,00";"0,00";"	7896544926806";"	7896544926806";"0.00";"0.00";"0.00";"";"HIDROCOLOIDE EM PASTA 60G";"";"0,00";"Produto";"Terceiros";"";"";"";"";"0,00";"	";"";"";"";"13.011.00";"0";"";"";"	";"";"0";"NÃO";"NOVO";"NÃO";"";"";"";"Centímetro";"44,900";"0,0000";"0,0000";"0,0000";"";"";"";"";"";"";"";"";"";"";"";"";"";"";"";"";"";"";"";"";"";"";"";"";"";"";"";"";""
"16561148420";"MILTONKIT6	";"Kit 6 Esterilizador de Mamadeiras Chupetas Utensílios de Bebê Clorin Milton Higienizador Desinfecção Itens";"UN";"";"0";"59,900";"0,00";"";"Ativo";"6,0000000000";"0,000";"	";"";"";"0,00";"0,00";"0,01";"0,01";"	";"	";"11.00";"18.00";"5.00";"";"";"<p>Esterilizador de Mamadeiras Chupetas Utensílios de Bebê Clorin Milton Higienizador Desinfecção Itens</p>";"0,00";"";"Própria";"";"";"";"";"0,00";"	";"0";"";"Clorin";"";"0";"<div class=""product-detail page-product__detail"" style=""background-image: initial; background-position: initial; background-size: initial; background-repeat: initial; background-attachment: initial; background-origin: initial; background-clip: initial; border-radius: 0.125rem; box-shadow: rgba(0, 0, 0, 0.05) 0px 1px 1px 0px; margin-top: 0.9375rem; overflow: hidden; padding: 0.625rem; color: rgba(0, 0, 0, 0.8); font-family: Roboto, SHPBurmese, SHPKhmer, 'Helvetica Neue', Helvetica, Arial, 文泉驛正黑, 'WenQuanYi Zen Hei', 'Hiragino Sans GB', '儷黑 Pro', 'LiHei Pro', 'Heiti TC', 微軟正黑體, 'Microsoft JhengHei UI', 'Microsoft JhengHei', sans-serif;"">
<section class=""I_DV_3"" style=""padding: 0.9375rem 0.9375rem 0px;"">
<div class=""Gf4Ro0"" style=""margin: 1.25rem 0.9375rem 0.9375rem;"">
<div class=""e8lZp3"" style=""font-size: 0.875rem; line-height: 1.7; overflow: hidden; text-overflow: ellipsis; white-space-collapse: preserve;"">
<p class=""QN2lPu"">Elimine bactérias sem a necessidade de fervura. Rápida ação em 15 minutos. Não contém hipoclorito.</p>
<p class=""QN2lPu""> </p>
<p class=""QN2lPu"">O higienizador Milton é o método de desinfecção à frio que elimina bactérias e vírus testados, dispensa a fervura e oferece muitas vantagens em relação aos métodos convencionais. Evita danos em objetos que poderiam derreter.</p>
<p class=""QN2lPu""> </p>
<p class=""QN2lPu"">Modo de Usar:</p>
<p class=""QN2lPu""> </p>
<p class=""QN2lPu"">- Dissolva 1 pastilha de Milton em 1 litro de água. Sem necessidade de fervura;</p>
<p class=""QN2lPu"">- Mergulhe os utensílios na solução;</p>
<p class=""QN2lPu"">- Aguarde por 15 minutos;</p>
<p class=""QN2lPu"">- Retire os objetos e escorra bem. Sem enxágue.</p>
<p class=""QN2lPu""> </p>
<p class=""QN2lPu"">Clorin Milton – Pastilhas de Higienização:</p>
<p class=""QN2lPu"">✅ Elimina vírus e bactérias</p>
<p class=""QN2lPu"">✅ Não precisa ferver</p>
<p class=""QN2lPu"">✅ Pronto em 15 minutos</p>
<p class=""QN2lPu"">✅ Sem risco de derreter utensílios</p>
<p class=""QN2lPu"">✅ Solução reutilizável por até 24h</p>
<p class=""QN2lPu"">✅ Prático para viagens e passeios</p>
<p class=""QN2lPu""> </p>
<p class=""QN2lPu"">Esterilizadores Comuns (Fervura / Elétricos):</p>
<p class=""QN2lPu"">❌ Precisa de energia ou gás</p>
<p class=""QN2lPu"">❌ Demora mais tempo (20–40 min)</p>
<p class=""QN2lPu"">❌ Pode danificar utensílios de plástico ou silicone</p>
<p class=""QN2lPu"">❌ Risco de queimaduras</p>
<p class=""QN2lPu"">❌ Não é prático em viagens</p>
<p class=""QN2lPu"">❌ Maior custo e espaço ocupado</p>
<p class=""QN2lPu""> </p>
<p class=""QN2lPu"">Você vai receber:</p>
<p class=""QN2lPu"">A embalagem contém 2 cartelas com 20 pastilhas efervescentes, com ação rápida em até 15 minutos.</p>
<p class=""QN2lPu""> </p>
<p class=""QN2lPu"">É o modo mais rápido e prático de higienizar e esterilizar utensílios para bebês e objetos em geral como garrafas, mamadeiras, chupetas, potes e bicos.</p>
<p class=""QN2lPu""> </p>
<p class=""QN2lPu"">ESPECIFICAÇÕES:</p>
<p class=""QN2lPu"">Contém: 20 pastilhas de 100mg</p>
<p class=""QN2lPu"">Marca: Milton Clorin</p>
<p class=""QN2lPu"">Registro M.S.: 3.1243.0016</p>
</div>
</div>
</section>
</div>";"0";"	";"";"";"NÃO";"NOVO";"NÃO";"";"";"";"Centímetro";"0,000";"0,0000";"0,0000";"0,0000";"Mercado Livre>>Esportes e Fitness>>Camping, Caça e Pesca>>Acessórios de Camping>>Recipientes Térmicos>>Cantil";"";"Pastilha,Elimina Bactérias";"";"";"";"";"";"";"";"";"";"";"";"";"";"";"";"";"";"";"";"";"";"";"";"";"";""
"16416250574";"PA.1533	";"KIT DODÓI SHOW DA LUNA (4 KITS COM 1UN MICROPOROSA, 1CX CURATIVO FLEXÍVEL 25UN, 1UN CURATIVO LÍQUIDO ; LOTE: NLH09201";"UN";"3005.90.90";"0";"22,540";"0,00";"";"Ativo";"8,0000000000";"22,540";"	PA.1533";"MISSNER & MISSNER LTDA";"";"0,00";"0,00";"0,00";"0,00";"	7896544926820";"	7896544926820";"0.00";"0.00";"0.00";"";"KIT DODÓI SHOW DA LUNA (4 KITS COM 1UN MICROPOROSA, 1CX CURATIVO FLEXÍVEL 25UN, 1UN CURATIVO LÍQUIDO ; LOTE: NLH09201";"";"0,00";"Produto";"Terceiros";"";"";"";"";"0,00";"	";"";"";"";"13.011.00";"0";"";"";"	";"";"0";"NÃO";"NOVO";"NÃO";"";"";"";"Centímetro";"22,540";"0,0000";"0,0000";"0,0000";"";"";"";"";"";"";"";"";"";"";"";"";"";"";"";"";"";"";"";"";"";"";"";"";"";"";"";"";""
"16570949122";"	";"KIT GENERACELL - BIOCELULOSE EM GEL + SOLUCAO ATIVADORA";"UN";"3005.90.90";"5";"56,190";"0,00";"";"Ativo";"10,0000000000";"56,190";"	PA.1680";"MISSNER & MISSNER LTDA";"";"0,00";"0,00";"0,00";"0,00";"	7896544927711";"	7896544928237";"0.00";"0.00";"0.00";"";"KIT GENERACELL - BIOCELULOSE EM GEL + SOLUCAO ATIVADORA";"";"0,00";"Produto";"Terceiros";"";"";"";"";"0,00";"	";"";"";"";"13.011.00";"0";"";"";"	";"";"0";"NÃO";"NOVO";"NÃO";"";"";"";"Centímetro";"56,190";"0,0000";"0,0000";"0,0000";"";"";"";"";"";"";"";"";"";"";"";"";"";"";"";"";"";"";"";"";"";"";"";"";"";"";"";"";""
"16570949108";"	";"KIT PELE SENSIVEL C/ 06 (DISPLAY 01 FITA SILICONE / 01 SPRAY PELICULA EM CDA DISPLAY)";"UN";"3005.10.90";"0";"34,810";"0,00";"";"Ativo";"0,0000000000";"34,810";"	PA.1535";"MISSNER & MISSNER LTDA";"";"0,00";"0,00";"0,00";"0,00";"	7896544926844";"	7896544926844";"0.00";"0.00";"0.00";"";"KIT PELE SENSIVEL C/ 06 (DISPLAY 01 FITA SILICONE / 01 SPRAY PELICULA EM CDA DISPLAY)";"";"0,00";"Produto";"Terceiros";"";"";"";"";"0,00";"	";"";"";"";"13.011.00";"0";"";"";"	";"";"0";"NÃO";"NOVO";"NÃO";"";"";"";"Centímetro";"34,810";"0,0000";"0,0000";"0,0000";"";"";"";"";"";"";"";"";"";"";"";"";"";"";"";"";"";"";"";"";"";"";"";"";"";"";"";"";""
"16681467897";"	";"LUVA DE PROC DE LATEX C/PO M";"DP";"4015.12.00";"0";"19,900";"0,00";"";"Ativo";"0,0000000000";"19,900";"	12691";"MMH MED COMERCIO DE PRODUTOS HOSPITALARES LTDA - ME";"";"0,00";"0,00";"0,00";"0,00";"	0753389365917";"	0753389365917";"0.00";"0.00";"0.00";"";"LUVA DE PROC DE LATEX C/PO M";"";"0,00";"Produto";"Terceiros";"";"";"";"";"0,00";"	";"";"";"";"";"0";"";"";"	";"";"0";"NÃO";"NOVO";"NÃO";"";"";"";"Centímetro";"19,900";"0,0000";"0,0000";"0,0000";"";"";"";"";"";"";"";"";"";"";"";"";"";"";"";"";"";"";"";"";"";"";"";"";"";"";"";"";""
"16681467898";"	";"LUVA DE PROC DE LATEX C/PO P";"DP";"4015.12.00";"0";"19,900";"0,00";"";"Ativo";"0,0000000000";"19,900";"	12801";"MMH MED COMERCIO DE PRODUTOS HOSPITALARES LTDA - ME";"";"0,00";"0,00";"0,00";"0,00";"	7893095809572";"	7893095809572";"0.00";"0.00";"0.00";"";"LUVA DE PROC DE LATEX C/PO P";"";"0,00";"Produto";"Terceiros";"";"";"";"";"0,00";"	";"";"";"";"";"0";"";"";"	";"";"0";"NÃO";"NOVO";"NÃO";"";"";"";"Centímetro";"19,900";"0,0000";"0,0000";"0,0000";"";"";"";"";"";"";"";"";"";"";"";"";"";"";"";"";"";"";"";"";"";"";"";"";"";"";"";"";""
"16390102307";"	";"MILTON CX 300 CARTELAS 50 DISPLAYS";"UN";"3808.99.19";"0";"1.980,000";"0,00";"";"Ativo";"50,0000000000";"1.980,000";"	418001";"GLOBAL TABS S.A.";"";"0,00";"0,00";"0,00";"0,00";"	37897101400365";"	37897101400365";"0.00";"0.00";"0.00";"";"MILTON CX 300 CARTELAS 50 DISPLAYS";"";"0,00";"";"Terceiros";"";"";"";"";"0,00";"	";"0";"";"";"";"0";"";"0";"	";"";"0";"NÃO";"NOVO";"NÃO";"";"";"";"Centímetro";"1.980,000";"0,0000";"0,0000";"0,0000";"";"";"";"";"";"";"";"";"";"";"";"";"";"";"";"";"";"";"";"";"";"";"";"";"";"";"";"";""
"16342950612";"MMED.001	";"MULTISOL LOCAO OLEOSA DE GIRASSOL 200ml";"UN";"1512.19.11";"0";"0,000";"0,00";"";"Ativo";"0,0000000000";"8,300";"	1837";"MULTIMED DIST DE MEDICAMENTOS LTDA";"";"0,00";"0,00";"0,00";"0,00";"	7898582290819";"	7898582290819";"0.00";"0.00";"0.00";"";"MULTISOL LOCAO OLEOSA DE GIRASSOL 200ml -  ( N ) MG166";"";"0,00";"";"Terceiros";"";"";"";"";"0,00";"	";"0";"";"MULTIMED";"";"0";"";"0";"	";"";"0";"NÃO";"NOVO";"NÃO";"";"";"";"Centímetro";"8,300";"0,0000";"0,0000";"0,0000";"";"";"";"";"";"";"";"";"";"";"";"";"";"";"";"";"";"";"";"";"";"";"";"";"";"";"";"";""
"16613700542";"	";"OLEO HIDRATANTE ANJINHO BABY 200ML - USO DIARIO";"UN";"3307.20.90";"0";"13,650";"0,00";"";"Ativo";"6,0000000000";"13,650";"	464";"PARENTEX INDUSTRIA E COM. LTDA";"";"0,00";"0,00";"0,00";"0,00";"	7898172341495";"	7898172341495";"0.00";"0.00";"0.00";"";"OLEO HIDRATANTE ANJINHO BABY 200ML - USO DIARIO";"";"0,00";"Produto";"Terceiros";"";"";"";"";"0,00";"	";"";"";"";"20.029.01";"0";"";"";"	";"";"0";"NÃO";"NOVO";"NÃO";"";"";"";"Centímetro";"13,650";"0,0000";"0,0000";"0,0000";"";"";"";"";"";"";"";"";"";"";"";"";"";"";"";"";"";"";"";"";"";"";"";"";"";"";"";"";""
"16387473357";"	";"PELICULA PROTETORA LIQUIDA DERMA PROTECT 28ML";"UN";"3005.10.90";"0";"30,940";"0,00";"";"Ativo";"88,0000000000";"30,940";"	PA.1336";"MISSNER & MISSNER LTDA";"";"0,00";"0,00";"0,00";"0,00";"	7896544902787";"	7896544902787";"0.00";"0.00";"0.00";"";"PELICULA PROTETORA LIQUIDA DERMA PROTECT 28ML ; LOTE: NPE29001";"";"0,00";"";"Terceiros";"";"";"";"";"0,00";"	";"0";"";"";"13.011.00";"0";"";"0";"	";"";"0";"NÃO";"NOVO";"NÃO";"";"";"";"Centímetro";"30,940";"0,0000";"0,0000";"0,0000";"";"";"";"";"";"";"";"";"";"";"";"";"";"";"";"";"";"";"";"";"";"";"";"";"";"";"";"";""
"16686072709";"6503169806	";"Procto Herbalm Sabonete Intimo Tratamento Hemorroida 150ml";"";"";"0";"149,630";"0,00";"";"Ativo";"0,0000000000";"0,000";"	";"";"";"0,00";"0,00";"0,00";"0,00";"	";"	";"0.00";"0.00";"0.00";"";"";"";"0,00";"Produto";"Terceiros";"";"";"";"";"0,00";"	";"";"";"";"";"0";"";"";"	";"";"";"NÃO";"NOVO";"NÃO";"";"";"";"Centímetro";"0,000";"0,0000";"0,0000";"0,0000";"";"";"";"";"";"";"";"";"";"";"";"";"";"";"";"";"";"";"";"";"";"";"";"";"";"";"";"";""
"16351448442";"PROCTOBALM	";"Procto Herbalm Sabonete Liquido intimo 150ml";"Un";"3401.30.00";"0";"109,990";"0,00";"";"Ativo";"23,0000000000";"32,950";"	7898676712746";"JMD2 Comercial Digital Ltda";"";"0,00";"0,00";"0,15";"0,15";"	7898676712746";"	7898676712746";"15.00";"15.00";"15.00";"";"Proctobalm Sabonete Liquido intimo 150ml";"";"0,00";"";"Terceiros";"";"";"";"";"0,00";"	";"0";"";"LabPharma";"20.037.00";"0";"<p><span style=""color: rgba(0, 0, 0, 0.55); font-family: 'Proxima Nova', -apple-system, Roboto, Arial, sans-serif; font-size: 20px;"">PROCTOBALM Sabonete Líquido de Uso Íntimo: Dermo-Tratamento Específico para a Região Perianal</span><br style=""box-sizing: border-box; font-family: 'Proxima Nova', -apple-system, Roboto, Arial, sans-serif; color: rgba(0, 0, 0, 0.55); font-size: 20px;"" /><br style=""box-sizing: border-box; font-family: 'Proxima Nova', -apple-system, Roboto, Arial, sans-serif; color: rgba(0, 0, 0, 0.55); font-size: 20px;"" /><span style=""color: rgba(0, 0, 0, 0.55); font-family: 'Proxima Nova', -apple-system, Roboto, Arial, sans-serif; font-size: 20px;"">O PROCTOBALM SABONETE LIQUIDO foi desenvolvido para cuidar da região perianal, oferecendo alívio e proteção para problemas como hemorróidas, fissuras, coceira e irritação. Este sabonete proporciona uma limpeza suave e eficaz, ideal para o uso diário de homens e mulheres.</span><br style=""box-sizing: border-box; font-family: 'Proxima Nova', -apple-system, Roboto, Arial, sans-serif; color: rgba(0, 0, 0, 0.55); font-size: 20px;"" /><br style=""box-sizing: border-box; font-family: 'Proxima Nova', -apple-system, Roboto, Arial, sans-serif; color: rgba(0, 0, 0, 0.55); font-size: 20px;"" /><span style=""color: rgba(0, 0, 0, 0.55); font-family: 'Proxima Nova', -apple-system, Roboto, Arial, sans-serif; font-size: 20px;"">Principais Benefícios:</span><br style=""box-sizing: border-box; font-family: 'Proxima Nova', -apple-system, Roboto, Arial, sans-serif; color: rgba(0, 0, 0, 0.55); font-size: 20px;"" /><span style=""color: rgba(0, 0, 0, 0.55); font-family: 'Proxima Nova', -apple-system, Roboto, Arial, sans-serif; font-size: 20px;"">Eliminação de Espessamentos e Descamações: A fórmula atua profundamente, promovendo uma textura mais suave e refinada na região perianal.</span><br style=""box-sizing: border-box; font-family: 'Proxima Nova', -apple-system, Roboto, Arial, sans-serif; color: rgba(0, 0, 0, 0.55); font-size: 20px;"" /><br style=""box-sizing: border-box; font-family: 'Proxima Nova', -apple-system, Roboto, Arial, sans-serif; color: rgba(0, 0, 0, 0.55); font-size: 20px;"" /><span style=""color: rgba(0, 0, 0, 0.55); font-family: 'Proxima Nova', -apple-system, Roboto, Arial, sans-serif; font-size: 20px;"">Reparação de Rachaduras e Fissuras: Penetra nas fissuras, promovendo cicatrização eficaz e suavizando a pele danificada.</span><br style=""box-sizing: border-box; font-family: 'Proxima Nova', -apple-system, Roboto, Arial, sans-serif; color: rgba(0, 0, 0, 0.55); font-size: 20px;"" /><br style=""box-sizing: border-box; font-family: 'Proxima Nova', -apple-system, Roboto, Arial, sans-serif; color: rgba(0, 0, 0, 0.55); font-size: 20px;"" /><span style=""color: rgba(0, 0, 0, 0.55); font-family: 'Proxima Nova', -apple-system, Roboto, Arial, sans-serif; font-size: 20px;"">Suavização de Calos e Asperezas: Ingredientes como Dexpantenol, Alantoína e Ureia proporcionam alívio imediato e duradouro.</span><br style=""box-sizing: border-box; font-family: 'Proxima Nova', -apple-system, Roboto, Arial, sans-serif; color: rgba(0, 0, 0, 0.55); font-size: 20px;"" /><br style=""box-sizing: border-box; font-family: 'Proxima Nova', -apple-system, Roboto, Arial, sans-serif; color: rgba(0, 0, 0, 0.55); font-size: 20px;"" /><span style=""color: rgba(0, 0, 0, 0.55); font-family: 'Proxima Nova', -apple-system, Roboto, Arial, sans-serif; font-size: 20px;"">Uso Unigênero: Seguro e eficaz para homens e mulheres, especialmente para portadores de hemorróidas.</span><br style=""box-sizing: border-box; font-family: 'Proxima Nova', -apple-system, Roboto, Arial, sans-serif; color: rgba(0, 0, 0, 0.55); font-size: 20px;"" /><br style=""box-sizing: border-box; font-family: 'Proxima Nova', -apple-system, Roboto, Arial, sans-serif; color: rgba(0, 0, 0, 0.55); font-size: 20px;"" /><span style=""color: rgba(0, 0, 0, 0.55); font-family: 'Proxima Nova', -apple-system, Roboto, Arial, sans-serif; font-size: 20px;"">Ingredientes Ativos:</span><br style=""box-sizing: border-box; font-family: 'Proxima Nova', -apple-system, Roboto, Arial, sans-serif; color: rgba(0, 0, 0, 0.55); font-size: 20px;"" /><span style=""color: rgba(0, 0, 0, 0.55); font-family: 'Proxima Nova', -apple-system, Roboto, Arial, sans-serif; font-size: 20px;"">Dexpantenol: Emoliente que hidrata e ajuda no tratamento de fissuras.</span><br style=""box-sizing: border-box; font-family: 'Proxima Nova', -apple-system, Roboto, Arial, sans-serif; color: rgba(0, 0, 0, 0.55); font-size: 20px;"" /><br style=""box-sizing: border-box; font-family: 'Proxima Nova', -apple-system, Roboto, Arial, sans-serif; color: rgba(0, 0, 0, 0.55); font-size: 20px;"" /><span style=""color: rgba(0, 0, 0, 0.55); font-family: 'Proxima Nova', -apple-system, Roboto, Arial, sans-serif; font-size: 20px;"">Alantoína: Regenerador com ação anti-inflamatória e cicatrizante.</span><br style=""box-sizing: border-box; font-family: 'Proxima Nova', -apple-system, Roboto, Arial, sans-serif; color: rgba(0, 0, 0, 0.55); font-size: 20px;"" /><br style=""box-sizing: border-box; font-family: 'Proxima Nova', -apple-system, Roboto, Arial, sans-serif; color: rgba(0, 0, 0, 0.55); font-size: 20px;"" /><span style=""color: rgba(0, 0, 0, 0.55); font-family: 'Proxima Nova', -apple-system, Roboto, Arial, sans-serif; font-size: 20px;"">Ureia: Estimula a regeneração celular, com ação esfoliante e hidratante.</span><br style=""box-sizing: border-box; font-family: 'Proxima Nova', -apple-system, Roboto, Arial, sans-serif; color: rgba(0, 0, 0, 0.55); font-size: 20px;"" /><br style=""box-sizing: border-box; font-family: 'Proxima Nova', -apple-system, Roboto, Arial, sans-serif; color: rgba(0, 0, 0, 0.55); font-size: 20px;"" /><span style=""color: rgba(0, 0, 0, 0.55); font-family: 'Proxima Nova', -apple-system, Roboto, Arial, sans-serif; font-size: 20px;"">Complexo Vegetal Hidratante: Hidrata profundamente e melhora a elasticidade da pele.</span><br style=""box-sizing: border-box; font-family: 'Proxima Nova', -apple-system, Roboto, Arial, sans-serif; color: rgba(0, 0, 0, 0.55); font-size: 20px;"" /><br style=""box-sizing: border-box; font-family: 'Proxima Nova', -apple-system, Roboto, Arial, sans-serif; color: rgba(0, 0, 0, 0.55); font-size: 20px;"" /><span style=""color: rgba(0, 0, 0, 0.55); font-family: 'Proxima Nova', -apple-system, Roboto, Arial, sans-serif; font-size: 20px;"">Por que Escolher PROCTOBALM?</span><br style=""box-sizing: border-box; font-family: 'Proxima Nova', -apple-system, Roboto, Arial, sans-serif; color: rgba(0, 0, 0, 0.55); font-size: 20px;"" /><span style=""color: rgba(0, 0, 0, 0.55); font-family: 'Proxima Nova', -apple-system, Roboto, Arial, sans-serif; font-size: 20px;"">O uso frequente do PROCTOBALM oferece alívio e cuidado diário para a região perianal, permitindo que você enfrente os desafios do dia a dia com confiança. Sua embalagem prática é discreta e pode ser levada a qualquer lugar. Com uma textura suave e aveludada, facilita a aplicação e não escorre entre os dedos.</span><br style=""box-sizing: border-box; font-family: 'Proxima Nova', -apple-system, Roboto, Arial, sans-serif; color: rgba(0, 0, 0, 0.55); font-size: 20px;"" /><br style=""box-sizing: border-box; font-family: 'Proxima Nova', -apple-system, Roboto, Arial, sans-serif; color: rgba(0, 0, 0, 0.55); font-size: 20px;"" /><span style=""color: rgba(0, 0, 0, 0.55); font-family: 'Proxima Nova', -apple-system, Roboto, Arial, sans-serif; font-size: 20px;"">Desenvolvido em parceria com dermatologistas, o PROCTOBALM é testado e aprovado para garantir segurança e eficácia. Seus ingredientes são provenientes de agricultura biológica, respeitando o meio ambiente e a saúde humana.</span><br style=""box-sizing: border-box; font-family: 'Proxima Nova', -apple-system, Roboto, Arial, sans-serif; color: rgba(0, 0, 0, 0.55); font-size: 20px;"" /><br style=""box-sizing: border-box; font-family: 'Proxima Nova', -apple-system, Roboto, Arial, sans-serif; color: rgba(0, 0, 0, 0.55); font-size: 20px;"" /><span style=""color: rgba(0, 0, 0, 0.55); font-family: 'Proxima Nova', -apple-system, Roboto, Arial, sans-serif; font-size: 20px;"">Ingredientes Naturais:</span><br style=""box-sizing: border-box; font-family: 'Proxima Nova', -apple-system, Roboto, Arial, sans-serif; color: rgba(0, 0, 0, 0.55); font-size: 20px;"" /><span style=""color: rgba(0, 0, 0, 0.55); font-family: 'Proxima Nova', -apple-system, Roboto, Arial, sans-serif; font-size: 20px;"">Malva: Suavizante e antisséptica, auxilia no tratamento de hemorróidas.</span><br style=""box-sizing: border-box; font-family: 'Proxima Nova', -apple-system, Roboto, Arial, sans-serif; color: rgba(0, 0, 0, 0.55); font-size: 20px;"" /><br style=""box-sizing: border-box; font-family: 'Proxima Nova', -apple-system, Roboto, Arial, sans-serif; color: rgba(0, 0, 0, 0.55); font-size: 20px;"" /><span style=""color: rgba(0, 0, 0, 0.55); font-family: 'Proxima Nova', -apple-system, Roboto, Arial, sans-serif; font-size: 20px;"">Hamamélis: Ação adstringente e anti-inflamatória, melhora a circulação sanguínea.</span><br style=""box-sizing: border-box; font-family: 'Proxima Nova', -apple-system, Roboto, Arial, sans-serif; color: rgba(0, 0, 0, 0.55); font-size: 20px;"" /><br style=""box-sizing: border-box; font-family: 'Proxima Nova', -apple-system, Roboto, Arial, sans-serif; color: rgba(0, 0, 0, 0.55); font-size: 20px;"" /><span style=""color: rgba(0, 0, 0, 0.55); font-family: 'Proxima Nova', -apple-system, Roboto, Arial, sans-serif; font-size: 20px;"">Calêndula: Reduz o inchaço e colabora com a diminuição dos sintomas de hemorróidas.</span><br style=""box-sizing: border-box; font-family: 'Proxima Nova', -apple-system, Roboto, Arial, sans-serif; color: rgba(0, 0, 0, 0.55); font-size: 20px;"" /><br style=""box-sizing: border-box; font-family: 'Proxima Nova', -apple-system, Roboto, Arial, sans-serif; color: rgba(0, 0, 0, 0.55); font-size: 20px;"" /><span style=""color: rgba(0, 0, 0, 0.55); font-family: 'Proxima Nova', -apple-system, Roboto, Arial, sans-serif; font-size: 20px;"">Centella Asiática: Cicatrizante e anti-inflamatória, favorece o reparo dos tecidos.</span><br style=""box-sizing: border-box; font-family: 'Proxima Nova', -apple-system, Roboto, Arial, sans-serif; color: rgba(0, 0, 0, 0.55); font-size: 20px;"" /><br style=""box-sizing: border-box; font-family: 'Proxima Nova', -apple-system, Roboto, Arial, sans-serif; color: rgba(0, 0, 0, 0.55); font-size: 20px;"" /><span style=""color: rgba(0, 0, 0, 0.55); font-family: 'Proxima Nova', -apple-system, Roboto, Arial, sans-serif; font-size: 20px;"">Camomila: Calma e relaxa, ajudando no alívio das hemorróidas.</span><br style=""box-sizing: border-box; font-family: 'Proxima Nova', -apple-system, Roboto, Arial, sans-serif; color: rgba(0, 0, 0, 0.55); font-size: 20px;"" /><br style=""box-sizing: border-box; font-family: 'Proxima Nova', -apple-system, Roboto, Arial, sans-serif; color: rgba(0, 0, 0, 0.55); font-size: 20px;"" /><span style=""color: rgba(0, 0, 0, 0.55); font-family: 'Proxima Nova', -apple-system, Roboto, Arial, sans-serif; font-size: 20px;"">Ureia: Hidrata e estimula a produção de colágeno, promovendo elasticidade e regeneração da pele.</span><br style=""box-sizing: border-box; font-family: 'Proxima Nova', -apple-system, Roboto, Arial, sans-serif; color: rgba(0, 0, 0, 0.55); font-size: 20px;"" /><br style=""box-sizing: border-box; font-family: 'Proxima Nova', -apple-system, Roboto, Arial, sans-serif; color: rgba(0, 0, 0, 0.55); font-size: 20px;"" /><span style=""color: rgba(0, 0, 0, 0.55); font-family: 'Proxima Nova', -apple-system, Roboto, Arial, sans-serif; font-size: 20px;"">PROCTOBALM é a solução ideal para quem busca conforto, higiene e saúde para a região perianal.</span></p>";"0";"	";"";"0";"NÃO";"NOVO";"NÃO";"";"";"";"Centímetro";"32,950";"0,0000";"0,0000";"0,0000";"Shopee>>Saúde>>Suprimentos Médicos>>Cuidados Pessoais";"";"";"";"";"";"";"";"";"";"";"";"";"";"";"";"";"";"";"";"";"";"";"";"";"";"";"";""
"16372367857";"PCHECK	";"PROOV CHECK 3 FITAS";"UN";"3822.19.10";"0";"34,800";"0,00";"";"Ativo";"2,0000000000";"34,800";"	10511";"MULTIMED DIST DE MEDICAMENTOS LTDA";"";"0,00";"0,00";"0,08";"0,08";"	0850035206331";"	0850035206331";"5.10";"12.30";"5.30";"";"PROOV CHECK 3 FITAS";"";"0,00";"";"Terceiros";"";"";"";"";"0,00";"	";"0";"";"LC PLUS";"";"0";"<p><span style=""color: rgba(0, 0, 0, 0.55); font-family: 'Proxima Nova', -apple-system, Roboto, Arial, sans-serif; font-size: 20px;"">Teste de Gravidez Beta HCG 99% Precisão Check Proov</span><br style=""box-sizing: border-box; font-family: 'Proxima Nova', -apple-system, Roboto, Arial, sans-serif; color: rgba(0, 0, 0, 0.55); font-size: 20px;"" /><br style=""box-sizing: border-box; font-family: 'Proxima Nova', -apple-system, Roboto, Arial, sans-serif; color: rgba(0, 0, 0, 0.55); font-size: 20px;"" /><span style=""color: rgba(0, 0, 0, 0.55); font-family: 'Proxima Nova', -apple-system, Roboto, Arial, sans-serif; font-size: 20px;"">Quando a dúvida aparece, você quer respostas rápidas e seguras.</span><br style=""box-sizing: border-box; font-family: 'Proxima Nova', -apple-system, Roboto, Arial, sans-serif; color: rgba(0, 0, 0, 0.55); font-size: 20px;"" /><span style=""color: rgba(0, 0, 0, 0.55); font-family: 'Proxima Nova', -apple-system, Roboto, Arial, sans-serif; font-size: 20px;"">O Proov Check é o teste de gravidez precoce que permite detectar a gestação até 5 dias antes do atraso menstrual — muito antes da maioria dos testes disponíveis no mercado.</span><br style=""box-sizing: border-box; font-family: 'Proxima Nova', -apple-system, Roboto, Arial, sans-serif; color: rgba(0, 0, 0, 0.55); font-size: 20px;"" /><br style=""box-sizing: border-box; font-family: 'Proxima Nova', -apple-system, Roboto, Arial, sans-serif; color: rgba(0, 0, 0, 0.55); font-size: 20px;"" /><span style=""color: rgba(0, 0, 0, 0.55); font-family: 'Proxima Nova', -apple-system, Roboto, Arial, sans-serif; font-size: 20px;"">Com linhas nítidas e fáceis de interpretar, o Proov Check oferece 99% de precisão, garantindo confiança em cada resultado.</span><br style=""box-sizing: border-box; font-family: 'Proxima Nova', -apple-system, Roboto, Arial, sans-serif; color: rgba(0, 0, 0, 0.55); font-size: 20px;"" /><br style=""box-sizing: border-box; font-family: 'Proxima Nova', -apple-system, Roboto, Arial, sans-serif; color: rgba(0, 0, 0, 0.55); font-size: 20px;"" /><span style=""color: rgba(0, 0, 0, 0.55); font-family: 'Proxima Nova', -apple-system, Roboto, Arial, sans-serif; font-size: 20px;"">Ele mede a presença do hCG (gonadotrofina coriônica humana), hormônio liberado logo no início da gravidez, identificando níveis mais baixos do que os testes comuns conseguem detectar. Isso significa que você pode ter a resposta que procura mais cedo, com clareza e segurança.</span><br style=""box-sizing: border-box; font-family: 'Proxima Nova', -apple-system, Roboto, Arial, sans-serif; color: rgba(0, 0, 0, 0.55); font-size: 20px;"" /><br style=""box-sizing: border-box; font-family: 'Proxima Nova', -apple-system, Roboto, Arial, sans-serif; color: rgba(0, 0, 0, 0.55); font-size: 20px;"" /><span style=""color: rgba(0, 0, 0, 0.55); font-family: 'Proxima Nova', -apple-system, Roboto, Arial, sans-serif; font-size: 20px;"">Com o Proov Check, você não precisa esperar: descubra mais rápido e com confiança.</span><br style=""box-sizing: border-box; font-family: 'Proxima Nova', -apple-system, Roboto, Arial, sans-serif; color: rgba(0, 0, 0, 0.55); font-size: 20px;"" /><br style=""box-sizing: border-box; font-family: 'Proxima Nova', -apple-system, Roboto, Arial, sans-serif; color: rgba(0, 0, 0, 0.55); font-size: 20px;"" /><span style=""color: rgba(0, 0, 0, 0.55); font-family: 'Proxima Nova', -apple-system, Roboto, Arial, sans-serif; font-size: 20px;"">3 Tiras de teste.</span><br style=""box-sizing: border-box; font-family: 'Proxima Nova', -apple-system, Roboto, Arial, sans-serif; color: rgba(0, 0, 0, 0.55); font-size: 20px;"" /><br style=""box-sizing: border-box; font-family: 'Proxima Nova', -apple-system, Roboto, Arial, sans-serif; color: rgba(0, 0, 0, 0.55); font-size: 20px;"" /><span style=""color: rgba(0, 0, 0, 0.55); font-family: 'Proxima Nova', -apple-system, Roboto, Arial, sans-serif; font-size: 20px;"">Garanta já o seu Proov Check aqui no Mercado Livre e dê o primeiro passo na sua jornada com tranquilidade.</span></p>";"0";"	";"";"0";"NÃO";"NOVO";"NÃO";"";"";"";"Centímetro";"34,800";"0,0000";"0,0000";"0,0000";"Shopee";"";"";"";"";"";"";"";"";"";"";"";"";"";"";"";"";"";"";"";"";"";"";"";"";"";"";"";""
"16513022158";"PCONFIRM	";"Proov Confirm Teste de Confirmacao de Ovulacao";"CX";"3822.19.10";"3";"50,000";"0,00";"";"Ativo";"75,0000000000";"50,000";"	86000279081-5";"Lc Plus Internacional Logistics Ltda";"";"0,00";"0,00";"0,08";"0,85";"	850035206133";"	850035206133";"7.10";"12.30";"5.70";"";"Proov Confirm - Teste de confirmacao de Ovulacao";"";"0,00";"";"Terceiros";"";"";"";"";"0,00";"	";"0";"";"LC PLUS";"13.008.00";"0";"<p> </p>
<div class=""ui-pdp-container__col col-3 ui-pdp-container--column-center pb-40"" style=""box-sizing: border-box; font-family: 'Proxima Nova', -apple-system, Roboto, Arial, sans-serif; flex-wrap: wrap; width: 851px; flex: 3 1 0%; padding-bottom: 40px;"">
<div class=""ui-pdp-container__row"" style=""box-sizing: border-box; font-family: 'Proxima Nova', -apple-system, Roboto, Arial, sans-serif; display: flex; flex: 0 1 0%; flex-flow: wrap;"">
<div class=""ui-pdp-container__col col-1 pl-24 pr-24"" style=""box-sizing: border-box; font-family: 'Proxima Nova', -apple-system, Roboto, Arial, sans-serif; flex-wrap: wrap; width: 851px; flex: 1 1 0%; padding-left: 24px; padding-right: 24px;"">
<div class=""ui-pdp-collapsable mt-24 ui-pdp-description-collapse"" style=""box-sizing: border-box; font-family: 'Proxima Nova', -apple-system, Roboto, Arial, sans-serif; margin-top: 24px; width: 803px;"">
<div class=""ui-pdp-collapsable__container"" style=""box-sizing: border-box; font-family: 'Proxima Nova', -apple-system, Roboto, Arial, sans-serif;"">
<div class=""ui-pdp-description"" id=""description"" style=""box-sizing: border-box; font-family: 'Proxima Nova', -apple-system, Roboto, Arial, sans-serif; color: rgba(0, 0, 0, 0.9); position: relative; min-height: 78px;"">
<p class=""ui-pdp-description__content"" style=""box-sizing: border-box; font-family: 'Proxima Nova', -apple-system, Roboto, Arial, sans-serif; margin: 0px; color: rgba(0, 0, 0, 0.55); font-size: 20px; word-break: break-word; font-weight: 400; line-height: 27px;"" data-testid=""content"">PROOV CONFIRM – Confirmação de ovulação Progesterona.<br style=""box-sizing: border-box; font-family: 'Proxima Nova', -apple-system, Roboto, Arial, sans-serif;"" /><br style=""box-sizing: border-box; font-family: 'Proxima Nova', -apple-system, Roboto, Arial, sans-serif;"" />O Primeiro e Único Teste Aprovado pela ANVISA para Confirmar uma Ovulação Bem-Sucedida!<br style=""box-sizing: border-box; font-family: 'Proxima Nova', -apple-system, Roboto, Arial, sans-serif;"" /><br style=""box-sizing: border-box; font-family: 'Proxima Nova', -apple-system, Roboto, Arial, sans-serif;"" />*Este não é um teste de ovulação.*<br style=""box-sizing: border-box; font-family: 'Proxima Nova', -apple-system, Roboto, Arial, sans-serif;"" />Este teste é inedito no Brasil mas ja é comercializado na Europa e nos Estados Unidos há aproximadamente 2 anos e possui vendas solidas pelos sites, farmácias e portais de e-commerce como amazon por exemplo. É o primeiro e único auto teste no mundo de progesterona com FDA (e agora Anvisa) e recentemente começou a ser comercializado na Target americana.<br style=""box-sizing: border-box; font-family: 'Proxima Nova', -apple-system, Roboto, Arial, sans-serif;"" /><br style=""box-sizing: border-box; font-family: 'Proxima Nova', -apple-system, Roboto, Arial, sans-serif;"" />- Diferentemente do que muitos pensam, o processo de engravidar envolve mais do que apenas compreender quando você está no período fértil. Apresentamos o Proov Confirm: o pioneiro e único teste aprovado pela ANVISA que permite a confirmação da ovulação bem-sucedida no conforto de sua casa. Cada embalagem contém 5 testes PdG aprovados pela ANVISA.<br style=""box-sizing: border-box; font-family: 'Proxima Nova', -apple-system, Roboto, Arial, sans-serif;"" /><br style=""box-sizing: border-box; font-family: 'Proxima Nova', -apple-system, Roboto, Arial, sans-serif;"" />- Estudos demonstram que níveis elevados de Progesterona durante a janela de implantação podem aumentar as taxas de gravidez em até 75%*. Integre o Confirm ao seu método preferido de acompanhamento de fertilidade para efetuar a confirmação da ovulação, ampliar suas chances de engravidar e alcançar mais rapidamente seus objetivos de fertilidade!<br style=""box-sizing: border-box; font-family: 'Proxima Nova', -apple-system, Roboto, Arial, sans-serif;"" />-----------------------------------------------------------------<br style=""box-sizing: border-box; font-family: 'Proxima Nova', -apple-system, Roboto, Arial, sans-serif;"" /><br style=""box-sizing: border-box; font-family: 'Proxima Nova', -apple-system, Roboto, Arial, sans-serif;"" />FUNCIONA COM O APLICATIVO GRATUITO PROOV INSIGHT: Leve seu conhecimento mais longe e obtenha resultados numéricos em nível de laboratório em casa em minutos, incluindo seu Índice de Qualidade de Ovulação exclusivo do Proov. Você também receberá detalhes sobre o que seus resultados significam e planos de ação para ajudá-lo a atingir suas metas.<br style=""box-sizing: border-box; font-family: 'Proxima Nova', -apple-system, Roboto, Arial, sans-serif;"" /><br style=""box-sizing: border-box; font-family: 'Proxima Nova', -apple-system, Roboto, Arial, sans-serif;"" />- O ÚNICO TESTE DE PDG LIBERADO PELA ANVISA: Nenhuma outra marca pode testar o PdG (um marcador de urina de progesterona) para o padrão Proov, graças ao nosso protocolo patenteado e exclusivo da Proov.<br style=""box-sizing: border-box; font-family: 'Proxima Nova', -apple-system, Roboto, Arial, sans-serif;"" /><br style=""box-sizing: border-box; font-family: 'Proxima Nova', -apple-system, Roboto, Arial, sans-serif;"" />O QUE ESTÁ INCLUSO:<br style=""box-sizing: border-box; font-family: 'Proxima Nova', -apple-system, Roboto, Arial, sans-serif;"" /><br style=""box-sizing: border-box; font-family: 'Proxima Nova', -apple-system, Roboto, Arial, sans-serif;"" />. 5 Tiras Testes De Progesterona Proov Confirm<br style=""box-sizing: border-box; font-family: 'Proxima Nova', -apple-system, Roboto, Arial, sans-serif;"" />. Aplicativo Proov Insight Companion<br style=""box-sizing: border-box; font-family: 'Proxima Nova', -apple-system, Roboto, Arial, sans-serif;"" />. Cartão de aplicativo Proov<br style=""box-sizing: border-box; font-family: 'Proxima Nova', -apple-system, Roboto, Arial, sans-serif;"" />Instruções de uso</p>
</div>
</div>
</div>
</div>
</div>
<div class=""ui-pdp-container__row"" style=""box-sizing: border-box; font-family: 'Proxima Nova', -apple-system, Roboto, Arial, sans-serif; display: flex; flex: 0 1 0%; flex-flow: wrap;"">
<div class=""ui-pdp-container__col col-1"" style=""box-sizing: border-box; font-family: 'Proxima Nova', -apple-system, Roboto, Arial, sans-serif; flex-wrap: wrap; width: 851px; flex: 1 1 0%;""></div>
</div>
<div class=""ui-pdp-container__row ui-pdp-recommendations-row"" style=""box-sizing: border-box; font-family: 'Proxima Nova', -apple-system, Roboto, Arial, sans-serif; display: flex; flex: 0 1 0%; flex-flow: wrap; max-width: 860px;"">
<div class=""ui-pdp-container__col col-1"" style=""box-sizing: border-box; font-family: 'Proxima Nova', -apple-system, Roboto, Arial, sans-serif; flex-wrap: wrap; width: 851px; flex: 1 1 0%; display: flex; gap: 40px;"">
<div class=""ui-pdp-spot-middle"" style=""box-sizing: border-box; font-family: 'Proxima Nova', -apple-system, Roboto, Arial, sans-serif; margin-left: 24px; margin-right: 24px;""></div>
</div>
</div>
</div>";"0";"	";"";"0";"NÃO";"NOVO";"NÃO";"";"";"";"Centímetro";"50,000";"0,0000";"0,0000";"0,0000";"Shopee";"";"";"";"";"";"";"";"";"";"";"";"";"";"";"";"";"";"";"";"";"";"";"";"";"";"";"";""
"16549956888";"	";"REMOVEDOR ADESIVOS DERMA PROTECT LENCO 30UN";"PC";"3005.10.90";"0";"112,390";"0,00";"";"Ativo";"1,0000000000";"112,390";"	PA.1442";"MISSNER & MISSNER LTDA";"";"0,00";"0,00";"0,00";"0,00";"	7896544926783";"	7896544926783";"0.00";"0.00";"0.00";"";"REMOVEDOR ADESIVOS DERMA PROTECT LENCO 30UN";"";"0,00";"Produto";"Terceiros";"";"";"";"";"0,00";"	";"";"";"";"13.011.00";"0";"";"";"	";"";"0";"NÃO";"NOVO";"NÃO";"";"";"";"Centímetro";"112,390";"0,0000";"0,0000";"0,0000";"";"";"";"";"";"";"";"";"";"";"";"";"";"";"";"";"";"";"";"";"";"";"";"";"";"";"";"";""
"16390100479";"	";"REMOVEDOR DE ADESIVO DERMA PROTECT AEROSSOL 50ML";"UN";"3005.90.90";"0";"40,370";"0,00";"";"Ativo";"26,0000000000";"40,370";"	PA.1395";"MISSNER & MISSNER LTDA";"";"0,00";"0,00";"0,00";"0,00";"	7896544926776";"	7896544926776";"0.00";"0.00";"0.00";"";"REMOVEDOR DE ADESIVO DERMA PROTECT AEROSSOL 50ML ; LOTE: NRL06601";"";"0,00";"";"Terceiros";"";"";"";"";"0,00";"	";"0";"";"";"13.011.00";"0";"";"0";"	";"";"0";"NÃO";"NOVO";"NÃO";"";"";"";"Centímetro";"40,370";"0,0000";"0,0000";"0,0000";"";"";"";"";"";"";"";"";"";"";"";"";"";"";"";"";"";"";"";"";"";"";"";"";"";"";"";"";""
"16613700540";"	";"SAB LIQ CABECA AOS PES ANJINHO BABY 400ML - USO DIARIO";"UN";"3401.20.10";"0";"7,330";"0,00";"";"Ativo";"6,0000000000";"7,330";"	759";"PARENTEX INDUSTRIA E COM. LTDA";"";"0,00";"0,00";"0,00";"0,00";"	7898172345936";"	7898172345936";"0.00";"0.00";"0.00";"";"SAB LIQ CABECA AOS PES ANJINHO BABY 400ML - USO DIARIO";"";"0,00";"Produto";"Terceiros";"";"";"";"";"0,00";"	";"";"";"";"20.036.00";"0";"";"";"	";"";"0";"NÃO";"NOVO";"NÃO";"";"";"";"Centímetro";"7,330";"0,0000";"0,0000";"0,0000";"";"";"";"";"";"";"";"";"";"";"";"";"";"";"";"";"";"";"";"";"";"";"";"";"";"";"";"";""
"16613700546";"	";"SH 2 EM 1 MENINAS ANJINHO KIDS 400ML";"UN";"3305.10.00";"0";"8,200";"0,00";"";"Ativo";"6,0000000000";"8,200";"	623";"PARENTEX INDUSTRIA E COM. LTDA";"";"0,00";"0,00";"0,00";"0,00";"	7898172340689";"	7898172340689";"0.00";"0.00";"0.00";"";"SH 2 EM 1 MENINAS ANJINHO KIDS 400ML";"";"0,00";"Produto";"Terceiros";"";"";"";"";"0,00";"	";"";"";"";"20.017.00";"0";"";"";"	";"";"0";"NÃO";"NOVO";"NÃO";"";"";"";"Centímetro";"8,200";"0,0000";"0,0000";"0,0000";"";"";"";"";"";"";"";"";"";"";"";"";"";"";"";"";"";"";"";"";"";"";"";"";"";"";"";"";""
"16613700544";"	";"SH 2 EM 1 MENINOS ANJINHO KIDS 400ML";"UN";"3305.10.00";"0";"8,200";"0,00";"";"Ativo";"6,0000000000";"8,200";"	622";"PARENTEX INDUSTRIA E COM. LTDA";"";"0,00";"0,00";"0,00";"0,00";"	7898172340696";"	7898172340696";"0.00";"0.00";"0.00";"";"SH 2 EM 1 MENINOS ANJINHO KIDS 400ML";"";"0,00";"Produto";"Terceiros";"";"";"";"";"0,00";"	";"";"";"";"20.017.00";"0";"";"";"	";"";"0";"NÃO";"NOVO";"NÃO";"";"";"";"Centímetro";"8,200";"0,0000";"0,0000";"0,0000";"";"";"";"";"";"";"";"";"";"";"";"";"";"";"";"";"";"";"";"";"";"";"";"";"";"";"";"";""
"16613700539";"	";"SH ANJINHO BABY 400ML - USO DIARIO";"UN";"3305.10.00";"0";"8,200";"0,00";"";"Ativo";"6,0000000000";"8,200";"	631";"PARENTEX INDUSTRIA E COM. LTDA";"";"0,00";"0,00";"0,00";"0,00";"	7898172345103";"	7898172345103";"0.00";"0.00";"0.00";"";"SH ANJINHO BABY 400ML - USO DIARIO";"";"0,00";"Produto";"Terceiros";"";"";"";"";"0,00";"	";"";"";"";"20.017.00";"0";"";"";"	";"";"0";"NÃO";"NOVO";"NÃO";"";"";"";"Centímetro";"8,200";"0,0000";"0,0000";"0,0000";"";"";"";"";"";"";"";"";"";"";"";"";"";"";"";"";"";"";"";"";"";"";"";"";"";"";"";"";""
"16613700549";"	";"SH ANJINHO KIDS LISO, LEVE E SOLTO 400ML";"UN";"3305.10.00";"0";"8,200";"0,00";"";"Ativo";"6,0000000000";"8,200";"	627";"PARENTEX INDUSTRIA E COM. LTDA";"";"0,00";"0,00";"0,00";"0,00";"	7898172345066";"	7898172345066";"0.00";"0.00";"0.00";"";"SH ANJINHO KIDS LISO, LEVE E SOLTO 400ML";"";"0,00";"Produto";"Terceiros";"";"";"";"";"0,00";"	";"";"";"";"20.017.00";"0";"";"";"	";"";"0";"NÃO";"NOVO";"NÃO";"";"";"";"Centímetro";"8,200";"0,0000";"0,0000";"0,0000";"";"";"";"";"";"";"";"";"";"";"";"";"";"";"";"";"";"";"";"";"";"";"";"";"";"";"";"";""
"16655994155";"	";"SOLUCAO DE LIMPEZA AQUOSA DERMA PROTECT 350 ML";"UN";"3402.90.90";"0";"31,050";"0,00";"";"Ativo";"0,0000000000";"31,050";"	PA.1537";"MISSNER & MISSNER LTDA";"";"0,00";"0,00";"0,00";"0,00";"	7896544927292";"	7896544927292";"0.00";"0.00";"0.00";"";"SOLUCAO DE LIMPEZA AQUOSA DERMA PROTECT 350 ML";"";"0,00";"Produto";"Terceiros";"";"";"";"";"0,00";"	";"";"";"";"";"0";"";"";"	";"";"0";"NÃO";"NOVO";"NÃO";"";"";"";"Centímetro";"31,050";"0,0000";"0,0000";"0,0000";"";"";"";"";"";"";"";"";"";"";"";"";"";"";"";"";"";"";"";"";"";"";"";"";"";"";"";"";""
"16616060876";"	";"SOLUCAO DE LIMPEZA DERMA PROTECT EM ESPUMA 150 ML";"UN";"3402.90.90";"0";"41,940";"0,00";"";"Ativo";"18,0000000000";"41,940";"	PA.1448";"MISSNER & MISSNER LTDA";"";"0,00";"0,00";"0,00";"0,00";"	7896544926868";"	7896544926868";"0.00";"0.00";"0.00";"";"SOLUCAO DE LIMPEZA DERMA PROTECT EM ESPUMA 150 ML";"";"0,00";"Produto";"Terceiros";"";"";"";"";"0,00";"	";"";"";"";"13.011.00";"0";"";"";"	";"";"0";"NÃO";"NOVO";"NÃO";"";"";"";"Centímetro";"41,940";"0,0000";"0,0000";"0,0000";"";"";"";"";"";"";"";"";"";"";"";"";"";"";"";"";"";"";"";"";"";"";"";"";"";"";"";"";""
"16641071072";"	";"SOLUCAO DE LIMPEZA DERMA PROTECT EM ESPUMA 50 ML";"UN";"3402.90.90";"0";"17,487";"0,00";"";"Ativo";"0,0000000000";"17,487";"	PA.1612";"MISSNER & MISSNER LTDA";"";"0,00";"0,00";"0,00";"0,00";"	7896544927285";"	7896544927285";"0.00";"0.00";"0.00";"";"SOLUCAO DE LIMPEZA DERMA PROTECT EM ESPUMA 50 ML";"";"0,00";"Produto";"Terceiros";"";"";"";"";"0,00";"	";"";"";"";"13.011.00";"0";"";"";"	";"";"0";"NÃO";"NOVO";"NÃO";"";"";"";"Centímetro";"17,487";"0,0000";"0,0000";"0,0000";"";"";"";"";"";"";"";"";"";"";"";"";"";"";"";"";"";"";"";"";"";"";"";"";"";"";"";"";""
"16573716407";"	";"Quantidade:1";"Un";"3822.19.10";"5";"89,900";"0,00";"";"Ativo";"16,0000000000";"47,000";"	620000035";"CHEMBIO DIAGNOSTICS BRAZIL LTDA";"";"0,00";"0,00";"0,20";"0,20";"	7898994243144";"	7898994243144";"22.00";"16.00";"14.00";"";"SURE CHECK HIV ½ SELF TEST C/12 Lote:1061B122406 Registro:80535240060 Val:17/03/2026";"<p><span style=""color: rgba(0, 0, 0, 0.8); font-family: Roboto, SHPBurmese, SHPKhmer, 'Helvetica Neue', Helvetica, Arial, 文泉驛正黑, 'WenQuanYi Zen Hei', 'Hiragino Sans GB', '儷黑 Pro', 'LiHei Pro', 'Heiti TC', 微軟正黑體, 'Microsoft JhengHei UI', 'Microsoft JhengHei', sans-serif; white-space-collapse: preserve;"">Sure Check  Chembio Teste rápido auto teste - 1 unidade.</span></p>";"0,00";"";"Terceiros";"";"";"";"";"0,00";"	SURECHECK";"0";"";"Chembio";"";"0";"<p data-start=""199"" data-end=""391"">O <strong data-start=""201"" data-end=""215"">Sure Check</strong> é um teste rápido aprovado pela <strong data-start=""248"" data-end=""258"">ANVISA</strong> que detecta anticorpos no sangue coletado do dedo. É um autoteste fácil de usar, feito para uso individual e com resultado rápido.</p>
<p class=""QN2lPu"" style=""color: rgba(0, 0, 0, 0.8); font-family: Roboto, SHPBurmese, SHPKhmer, 'Helvetica Neue', Helvetica, Arial, 文泉驛正黑, 'WenQuanYi Zen Hei', 'Hiragino Sans GB', '儷黑 Pro', 'LiHei Pro', 'Heiti TC', 微軟正黑體, 'Microsoft JhengHei UI', 'Microsoft JhengHei', sans-serif; white-space-collapse: preserve;""> </p>
<p data-start=""393"" data-end=""655"">O produto é aprovado pela <strong data-start=""419"" data-end=""457"">Organização Mundial da Saúde (OMS)</strong>, possui <strong data-start=""466"" data-end=""478"">marca CE</strong> e é usado em programas de saúde globais.<br data-start=""519"" data-end=""522"" />Ele <strong data-start=""526"" data-end=""561"">não sofre interferência da PrEP</strong> (medicação de prevenção ao HIV), ou seja, o uso do remédio não altera o resultado do teste.</p>
<p class=""QN2lPu"" style=""color: rgba(0, 0, 0, 0.8); font-family: Roboto, SHPBurmese, SHPKhmer, 'Helvetica Neue', Helvetica, Arial, 文泉驛正黑, 'WenQuanYi Zen Hei', 'Hiragino Sans GB', '儷黑 Pro', 'LiHei Pro', 'Heiti TC', 微軟正黑體, 'Microsoft JhengHei UI', 'Microsoft JhengHei', sans-serif; white-space-collapse: preserve;""> </p>
<h3 data-start=""662"" data-end=""684"">O que vem na caixa</h3>
<p class=""QN2lPu"" style=""color: rgba(0, 0, 0, 0.8); font-family: Roboto, SHPBurmese, SHPKhmer, 'Helvetica Neue', Helvetica, Arial, 文泉驛正黑, 'WenQuanYi Zen Hei', 'Hiragino Sans GB', '儷黑 Pro', 'LiHei Pro', 'Heiti TC', 微軟正黑體, 'Microsoft JhengHei UI', 'Microsoft JhengHei', sans-serif; white-space-collapse: preserve;""> </p>
<ul data-start=""685"" data-end=""859"">
<li data-start=""685"" data-end=""709"">
<p data-start=""687"" data-end=""709"">Dispositivo de teste</p>
</li>
<li data-start=""710"" data-end=""740"">
<p data-start=""712"" data-end=""740"">Cápsula com solução tampão</p>
</li>
<li data-start=""741"" data-end=""760"">
<p data-start=""743"" data-end=""760"">Lanceta estéril</p>
</li>
<li data-start=""761"" data-end=""773"">
<p data-start=""763"" data-end=""773"">Curativo</p>
</li>
<li data-start=""774"" data-end=""793"">
<p data-start=""776"" data-end=""793"">Sachê de álcool</p>
</li>
<li data-start=""794"" data-end=""810"">
<p data-start=""796"" data-end=""810"">Gaze estéril</p>
</li>
<li data-start=""811"" data-end=""834"">
<p data-start=""813"" data-end=""834"">Suporte descartável</p>
</li>
<li data-start=""835"" data-end=""859"">
<p data-start=""837"" data-end=""859"">Manual de instruções</p>
</li>
</ul>
<p class=""QN2lPu"" style=""color: rgba(0, 0, 0, 0.8); font-family: Roboto, SHPBurmese, SHPKhmer, 'Helvetica Neue', Helvetica, Arial, 文泉驛正黑, 'WenQuanYi Zen Hei', 'Hiragino Sans GB', '儷黑 Pro', 'LiHei Pro', 'Heiti TC', 微軟正黑體, 'Microsoft JhengHei UI', 'Microsoft JhengHei', sans-serif; white-space-collapse: preserve;""> </p>
<h3 data-start=""866"" data-end=""879"">Vantagens</h3>
<p class=""QN2lPu"" style=""color: rgba(0, 0, 0, 0.8); font-family: Roboto, SHPBurmese, SHPKhmer, 'Helvetica Neue', Helvetica, Arial, 文泉驛正黑, 'WenQuanYi Zen Hei', 'Hiragino Sans GB', '儷黑 Pro', 'LiHei Pro', 'Heiti TC', 微軟正黑體, 'Microsoft JhengHei UI', 'Microsoft JhengHei', sans-serif; white-space-collapse: preserve;""> </p>
<ul data-start=""880"" data-end=""1067"">
<li data-start=""880"" data-end=""906"">
<p data-start=""882"" data-end=""906"">Fácil de usar e seguro</p>
</li>
<li data-start=""907"" data-end=""960"">
<p data-start=""909"" data-end=""960"">Precisa de uma quantidade muito pequena de sangue</p>
</li>
<li data-start=""961"" data-end=""1024"">
<p data-start=""963"" data-end=""1024"">Design que evita contato com líquidos e aumenta a segurança</p>
</li>
<li data-start=""1025"" data-end=""1067"">
<p data-start=""1027"" data-end=""1067"">Não precisa misturar nem despejar nada</p>
</li>
</ul>
<p class=""QN2lPu"" style=""color: rgba(0, 0, 0, 0.8); font-family: Roboto, SHPBurmese, SHPKhmer, 'Helvetica Neue', Helvetica, Arial, 文泉驛正黑, 'WenQuanYi Zen Hei', 'Hiragino Sans GB', '儷黑 Pro', 'LiHei Pro', 'Heiti TC', 微軟正黑體, 'Microsoft JhengHei UI', 'Microsoft JhengHei', sans-serif; white-space-collapse: preserve;""> </p>
<h3 data-start=""1074"" data-end=""1087"">Como usar</h3>
<p class=""QN2lPu"" style=""color: rgba(0, 0, 0, 0.8); font-family: Roboto, SHPBurmese, SHPKhmer, 'Helvetica Neue', Helvetica, Arial, 文泉驛正黑, 'WenQuanYi Zen Hei', 'Hiragino Sans GB', '儷黑 Pro', 'LiHei Pro', 'Heiti TC', 微軟正黑體, 'Microsoft JhengHei UI', 'Microsoft JhengHei', sans-serif; white-space-collapse: preserve;""> </p>
<ol data-start=""1088"" data-end=""1560"">
<li data-start=""1088"" data-end=""1138"">
<p data-start=""1091"" data-end=""1138"">Coloque o suporte sobre uma superfície plana.</p>
</li>
<li data-start=""1139"" data-end=""1189"">
<p data-start=""1142"" data-end=""1189"">Abra o sachê e retire o dispositivo de teste.</p>
</li>
<li data-start=""1190"" data-end=""1234"">
<p data-start=""1193"" data-end=""1234"">Encaixe a cápsula de tampão no suporte.</p>
</li>
<li data-start=""1235"" data-end=""1278"">
<p data-start=""1238"" data-end=""1278"">Limpe o dedo com álcool e deixe secar.</p>
</li>
<li data-start=""1279"" data-end=""1316"">
<p data-start=""1282"" data-end=""1316"">Use a lanceta para furar o dedo.</p>
</li>
<li data-start=""1317"" data-end=""1372"">
<p data-start=""1320"" data-end=""1372"">Pegue a gota de sangue com o dispositivo de teste.</p>
</li>
<li data-start=""1373"" data-end=""1421"">
<p data-start=""1376"" data-end=""1421"">Encaixe o dispositivo firmemente no tampão.</p>
</li>
<li data-start=""1422"" data-end=""1472"">
<p data-start=""1425"" data-end=""1472"">Aguarde o fluxo rosa aparecer (até 1 minuto).</p>
</li>
<li data-start=""1473"" data-end=""1519"">
<p data-start=""1476"" data-end=""1519""><strong data-start=""1476"" data-end=""1517"">Leia o resultado antes de 20 minutos.</strong></p>
</li>
<li data-start=""1520"" data-end=""1560"">
<p data-start=""1524"" data-end=""1560"">Limpe o dedo e coloque o curativo.</p>
</li>
</ol>
<p class=""QN2lPu"" style=""color: rgba(0, 0, 0, 0.8); font-family: Roboto, SHPBurmese, SHPKhmer, 'Helvetica Neue', Helvetica, Arial, 文泉驛正黑, 'WenQuanYi Zen Hei', 'Hiragino Sans GB', '儷黑 Pro', 'LiHei Pro', 'Heiti TC', 微軟正黑體, 'Microsoft JhengHei UI', 'Microsoft JhengHei', sans-serif; white-space-collapse: preserve;""> </p>
<p data-start=""1567"" data-end=""1601""><strong data-start=""1567"" data-end=""1587"">Registro ANVISA:</strong> 80535240060</p>
<p class=""QN2lPu"" style=""color: rgba(0, 0, 0, 0.8); font-family: Roboto, SHPBurmese, SHPKhmer, 'Helvetica Neue', Helvetica, Arial, 文泉驛正黑, 'WenQuanYi Zen Hei', 'Hiragino Sans GB', '儷黑 Pro', 'LiHei Pro', 'Heiti TC', 微軟正黑體, 'Microsoft JhengHei UI', 'Microsoft JhengHei', sans-serif; white-space-collapse: preserve;""> </p>
<p data-start=""1603"" data-end=""1755"">Nosso estoque é atualizado com frequência e tem validade longa. Caso queira saber a validade do lote atual, pergunte no campo de perguntas do produto.</p>
<p class=""QN2lPu"" style=""color: rgba(0, 0, 0, 0.8); font-family: Roboto, SHPBurmese, SHPKhmer, 'Helvetica Neue', Helvetica, Arial, 文泉驛正黑, 'WenQuanYi Zen Hei', 'Hiragino Sans GB', '儷黑 Pro', 'LiHei Pro', 'Heiti TC', 微軟正黑體, 'Microsoft JhengHei UI', 'Microsoft JhengHei', sans-serif; white-space-collapse: preserve;""> </p>";"0";"	";"";"0";"SIM";"NOVO";"NÃO";"";"";"";"Centímetro";"47,000";"0,0000";"0,0000";"0,0000";"Shopee>>Saúde>>Suprimentos Médicos>>Monitores e Testes de Saúde";"";"";"";"";"";"";"";"";"";"";"";"";"";"";"";"";"";"";"";"";"";"";"";"";"";"";"";""
"16338193433";"CB.02	";"SURECHECK HIV 1/2 SELF-TEST";"UN";"3822.19.10";"0";"0,000";"0,00";"";"Ativo";"15,0000000000";"0,000";"	";"";"";"0,00";"0,00";"0,00";"0,00";"	7898994243144";"	7898994243144";"0.00";"0.00";"0.00";"";"";"";"1,00";"";"Própria";"";"";"";"";"0,00";"	";"0";"";"CHEMBIO";"28.063.00";"1";"";"0";"	";"";"";"NÃO";"NOVO";"NÃO";"";"";"";"Centímetro";"0,000";"0,0000";"0,0000";"0,0000";"";"";"";"";"";"";"";"";"";"";"";"";"";"";"";"";"";"";"";"";"";"";"";"";"";"";"";"";""
"16613700557";"	";"TALCO ANJINHO 180G - USO DIARIO";"UN";"3304.91.00";"0";"9,870";"0,00";"";"Ativo";"6,0000000000";"9,870";"	1385";"PARENTEX INDUSTRIA E COM. LTDA";"";"0,00";"0,00";"0,00";"0,00";"	7898172340900";"	7898172340900";"0.00";"0.00";"0.00";"";"TALCO ANJINHO 180G - USO DIARIO";"";"0,00";"Produto";"Terceiros";"";"";"";"";"0,00";"	";"";"";"";"20.013.00";"0";"";"";"	";"";"0";"NÃO";"NOVO";"NÃO";"";"";"";"Centímetro";"9,870";"0,0000";"0,0000";"0,0000";"";"";"";"";"";"";"";"";"";"";"";"";"";"";"";"";"";"";"";"";"";"";"";"";"";"";"";"";""
"16372367859";"PPREDICT	";"Teste de Ovulação LH Predict Proov";"UN";"3822.19.10";"0";"54,900";"0,00";"";"Ativo";"0,0000000000";"56,000";"	10513";"MULTIMED DIST DE MEDICAMENTOS LTDA";"";"0,00";"0,00";"0,08";"0,08";"	0850035206300";"	0850035206300";"7.10";"12.30";"5.30";"";"PROOV PREDICT  5 FITAS";"";"0,00";"";"Terceiros";"";"";"";"";"0,00";"	";"0";"";"LC PLUS";"";"0";"<p> </p>
<div class=""ui-pdp-container__row"" style=""box-sizing: border-box; font-family: 'Proxima Nova', -apple-system, Roboto, Arial, sans-serif; display: flex; flex: 0 1 0%; flex-flow: wrap; color: #000000; font-size: 16px; font-style: normal; font-variant-ligatures: normal; font-variant-caps: normal; font-weight: 300; letter-spacing: normal; orphans: 2; text-align: start; text-indent: 0px; text-transform: none; widows: 2; word-spacing: 0px; -webkit-text-stroke-width: 0px; white-space: normal; background-color: #ffffff; text-decoration-thickness: initial; text-decoration-style: initial; text-decoration-color: initial;"">
<div class=""ui-pdp-container__col col-1 pl-24 pr-24"" style=""box-sizing: border-box; font-family: 'Proxima Nova', -apple-system, Roboto, Arial, sans-serif; flex-wrap: wrap; width: 851px; flex: 1 1 0%; padding-left: 24px; padding-right: 24px;"">
<div class=""ui-pdp-collapsable mt-24 ui-pdp-description-collapse"" style=""box-sizing: border-box; font-family: 'Proxima Nova', -apple-system, Roboto, Arial, sans-serif; margin-top: 24px; width: 803px;"">
<div class=""ui-pdp-collapsable__container"" style=""box-sizing: border-box; font-family: 'Proxima Nova', -apple-system, Roboto, Arial, sans-serif;"">
<div class=""ui-pdp-description"" id=""description"" style=""box-sizing: border-box; font-family: 'Proxima Nova', -apple-system, Roboto, Arial, sans-serif; color: rgba(0, 0, 0, 0.9); position: relative; min-height: 78px;"">
<p class=""ui-pdp-description__content"" style=""box-sizing: border-box; font-family: 'Proxima Nova', -apple-system, Roboto, Arial, sans-serif; margin: 0px; color: rgba(0, 0, 0, 0.55); font-size: 20px; word-break: break-word; font-weight: 400; line-height: 27px;"" data-testid=""content"">Proov Predict - Teste de LH para confirmar ovulação - 1 unidade com 5 testes.<br style=""box-sizing: border-box; font-family: 'Proxima Nova', -apple-system, Roboto, Arial, sans-serif;"" /> <br style=""box-sizing: border-box; font-family: 'Proxima Nova', -apple-system, Roboto, Arial, sans-serif;"" />PROOV PREDICT: Teste de LH (ovulação) para identificar seis dias mais férteis (Com 5 Tiras)<br style=""box-sizing: border-box; font-family: 'Proxima Nova', -apple-system, Roboto, Arial, sans-serif;"" />Método inédito no Brasil com autorização da Anvisa e disponível nos Estados Unidos e na Europa há 2 anos.<br style=""box-sizing: border-box; font-family: 'Proxima Nova', -apple-system, Roboto, Arial, sans-serif;"" /><br style=""box-sizing: border-box; font-family: 'Proxima Nova', -apple-system, Roboto, Arial, sans-serif;"" /><br style=""box-sizing: border-box; font-family: 'Proxima Nova', -apple-system, Roboto, Arial, sans-serif;"" />PROOV Predict teste analisa o padrão de LH durante vários dias para definir sua melhor janela fértil, detectando o surgimento do pico de LH que estimula a ovulação para indicar os melhores dias para ""tentar"" engravidar.<br style=""box-sizing: border-box; font-family: 'Proxima Nova', -apple-system, Roboto, Arial, sans-serif;"" /> <br style=""box-sizing: border-box; font-family: 'Proxima Nova', -apple-system, Roboto, Arial, sans-serif;"" />Componentes do teste:<br style=""box-sizing: border-box; font-family: 'Proxima Nova', -apple-system, Roboto, Arial, sans-serif;"" />As embalagens primárias dos testes consistem em bolsas de papel alumínio selada, embalados individualmente, cada bolsa contém 1 (uma) tira de teste e 1 (um) dessecante. O dessecante é apenas para armazenamento e não deve ser usado durante o procedimento.<br style=""box-sizing: border-box; font-family: 'Proxima Nova', -apple-system, Roboto, Arial, sans-serif;"" /> <br style=""box-sizing: border-box; font-family: 'Proxima Nova', -apple-system, Roboto, Arial, sans-serif;"" />Sensibilidade: Este nível de sensibilidade foi confirmado com LH padrões (0 mIU/ml, 10 mIU/ml, 15 mIU/mL, 20 mIU/ml, 50 mIU/ml, 100<br style=""box-sizing: border-box; font-family: 'Proxima Nova', -apple-system, Roboto, Arial, sans-serif;"" />mIU/ml) separadamente. Os resultados demonstraram que a sensibilidade analítica do teste (a menor concentração que produz 100% de resultados positivos) é de 20 mIU/mL. O teste foi padronizado de acordo com o 2º Padrão Internacional 80/552 da OMS.<br style=""box-sizing: border-box; font-family: 'Proxima Nova', -apple-system, Roboto, Arial, sans-serif;"" /> <br style=""box-sizing: border-box; font-family: 'Proxima Nova', -apple-system, Roboto, Arial, sans-serif;"" /> <br style=""box-sizing: border-box; font-family: 'Proxima Nova', -apple-system, Roboto, Arial, sans-serif;"" />Registro ANVISA: 82505530003<br style=""box-sizing: border-box; font-family: 'Proxima Nova', -apple-system, Roboto, Arial, sans-serif;"" /> <br style=""box-sizing: border-box; font-family: 'Proxima Nova', -apple-system, Roboto, Arial, sans-serif;"" /> <br style=""box-sizing: border-box; font-family: 'Proxima Nova', -apple-system, Roboto, Arial, sans-serif;"" />Todo o nosso estoque é renovado frequentemente e com validade longa, caso queira saber a validade do produto em questão, basta perguntar no campo de ""perguntas"" que iremos verificar e informar a data de validade do lote atual.</p>
</div>
</div>
</div>
</div>
</div>";"0";"	";"";"0";"NÃO";"NOVO";"NÃO";"";"";"";"Centímetro";"56,000";"0,0000";"0,0000";"0,0000";"Shopee";"";"";"";"";"";"";"";"";"";"";"";"";"";"";"";"";"";"";"";"";"";"";"";"";"";"";"";""
"16613700561";"	";"TOALHA UMED ANJINHO C/ 100 UN - USO DIARIO";"UN";"3401.11.90";"0";"4,900";"0,00";"";"Ativo";"6,0000000000";"4,900";"	493";"PARENTEX INDUSTRIA E COM. LTDA";"";"0,00";"0,00";"0,00";"0,00";"	7898172343208";"	7898172343208";"0.00";"0.00";"0.00";"";"TOALHA UMED ANJINHO C/ 100 UN - USO DIARIO";"";"0,00";"Produto";"Terceiros";"";"";"";"";"0,00";"	";"";"";"";"20.034.01";"0";"";"";"	";"";"0";"NÃO";"NOVO";"NÃO";"";"";"";"Centímetro";"4,900";"0,0000";"0,0000";"0,0000";"";"";"";"";"";"";"";"";"";"";"";"";"";"";"";"";"";"";"";"";"";"";"";"";"";"";"";"";""
"16639438065";"	";"Toalha Umedecida banho de leito";"";"3401.11.90";"0";"0,000";"0,00";"";"Ativo";"0,0000000000";"0,000";"	";"";"";"0,00";"0,00";"0,00";"0,00";"	";"	";"0.00";"0.00";"0.00";"";"";"";"0,00";"";"Própria";"";"";"Produto Acabado";"";"0,00";"	";"0";"";"missner";"";"0";"";"0";"	";"";"";"NÃO";"NÃO ESPECIFICADO";"NÃO";"";"";"";"Centímetro";"0,000";"0,0000";"0,0000";"0,0000";"";"";"";"";"";"";"";"";"";"";"";"";"";"";"";"";"";"";"";"";"";"";"";"";"";"";"";"";""
"16351448437";"XPBLISS	";"Xo Piolho Bliss 20ml";"Un";"3808.91.99";"0";"21,950";"0,00";"";"Ativo";"13,0000000000";"21,950";"	7898676712739";"JMD2 Comercial Digital Ltda";"";"0,00";"0,00";"0,06";"0,06";"	7898676712739";"	7898676712739";"4.00";"17.00";"4.00";"";"Xo Piolho Bliss 20ml";"";"0,00";"";"Terceiros";"";"";"";"";"0,00";"	";"0";"";"LabPharma";"";"0";"<p><span style=""color: rgba(0, 0, 0, 0.55); font-family: 'Proxima Nova', -apple-system, Roboto, Arial, sans-serif; font-size: 20px;"">XÔ PIOLHO® BLISS</span><br style=""box-sizing: border-box; font-family: 'Proxima Nova', -apple-system, Roboto, Arial, sans-serif; color: rgba(0, 0, 0, 0.55); font-size: 20px;"" /><span style=""color: rgba(0, 0, 0, 0.55); font-family: 'Proxima Nova', -apple-system, Roboto, Arial, sans-serif; font-size: 20px;"">Uma aplicação... 10 minutos... e... Xô Piolho®!</span><br style=""box-sizing: border-box; font-family: 'Proxima Nova', -apple-system, Roboto, Arial, sans-serif; color: rgba(0, 0, 0, 0.55); font-size: 20px;"" /><span style=""color: rgba(0, 0, 0, 0.55); font-family: 'Proxima Nova', -apple-system, Roboto, Arial, sans-serif; font-size: 20px;"">Indicado para uso aos primeiros sinais de infestações</span><br style=""box-sizing: border-box; font-family: 'Proxima Nova', -apple-system, Roboto, Arial, sans-serif; color: rgba(0, 0, 0, 0.55); font-size: 20px;"" /><span style=""color: rgba(0, 0, 0, 0.55); font-family: 'Proxima Nova', -apple-system, Roboto, Arial, sans-serif; font-size: 20px;"">Porque piolho não é coisa da sua cabeça!</span><br style=""box-sizing: border-box; font-family: 'Proxima Nova', -apple-system, Roboto, Arial, sans-serif; color: rgba(0, 0, 0, 0.55); font-size: 20px;"" /><br style=""box-sizing: border-box; font-family: 'Proxima Nova', -apple-system, Roboto, Arial, sans-serif; color: rgba(0, 0, 0, 0.55); font-size: 20px;"" /><span style=""color: rgba(0, 0, 0, 0.55); font-family: 'Proxima Nova', -apple-system, Roboto, Arial, sans-serif; font-size: 20px;"">KIT COMPLETO DE TRATAMENTO</span><br style=""box-sizing: border-box; font-family: 'Proxima Nova', -apple-system, Roboto, Arial, sans-serif; color: rgba(0, 0, 0, 0.55); font-size: 20px;"" /><span style=""color: rgba(0, 0, 0, 0.55); font-family: 'Proxima Nova', -apple-system, Roboto, Arial, sans-serif; font-size: 20px;"">Contem: 1 loção anti-piolho + um pente fino grátis</span><br style=""box-sizing: border-box; font-family: 'Proxima Nova', -apple-system, Roboto, Arial, sans-serif; color: rgba(0, 0, 0, 0.55); font-size: 20px;"" /><br style=""box-sizing: border-box; font-family: 'Proxima Nova', -apple-system, Roboto, Arial, sans-serif; color: rgba(0, 0, 0, 0.55); font-size: 20px;"" /><span style=""color: rgba(0, 0, 0, 0.55); font-family: 'Proxima Nova', -apple-system, Roboto, Arial, sans-serif; font-size: 20px;"">Recomendado por Pediatras</span><br style=""box-sizing: border-box; font-family: 'Proxima Nova', -apple-system, Roboto, Arial, sans-serif; color: rgba(0, 0, 0, 0.55); font-size: 20px;"" /><span style=""color: rgba(0, 0, 0, 0.55); font-family: 'Proxima Nova', -apple-system, Roboto, Arial, sans-serif; font-size: 20px;"">Hipoalergenico</span><br style=""box-sizing: border-box; font-family: 'Proxima Nova', -apple-system, Roboto, Arial, sans-serif; color: rgba(0, 0, 0, 0.55); font-size: 20px;"" /><span style=""color: rgba(0, 0, 0, 0.55); font-family: 'Proxima Nova', -apple-system, Roboto, Arial, sans-serif; font-size: 20px;"">Dermatologicamente &amp; Clinicamente Testado</span><br style=""box-sizing: border-box; font-family: 'Proxima Nova', -apple-system, Roboto, Arial, sans-serif; color: rgba(0, 0, 0, 0.55); font-size: 20px;"" /><br style=""box-sizing: border-box; font-family: 'Proxima Nova', -apple-system, Roboto, Arial, sans-serif; color: rgba(0, 0, 0, 0.55); font-size: 20px;"" /><span style=""color: rgba(0, 0, 0, 0.55); font-family: 'Proxima Nova', -apple-system, Roboto, Arial, sans-serif; font-size: 20px;"">Livre de inseticidas, agentes tóxicos e ingredientes agressivos.</span><br style=""box-sizing: border-box; font-family: 'Proxima Nova', -apple-system, Roboto, Arial, sans-serif; color: rgba(0, 0, 0, 0.55); font-size: 20px;"" /><span style=""color: rgba(0, 0, 0, 0.55); font-family: 'Proxima Nova', -apple-system, Roboto, Arial, sans-serif; font-size: 20px;"">Produto vegano com ingredientes provenientes da agricultura biológica</span><br style=""box-sizing: border-box; font-family: 'Proxima Nova', -apple-system, Roboto, Arial, sans-serif; color: rgba(0, 0, 0, 0.55); font-size: 20px;"" /><span style=""color: rgba(0, 0, 0, 0.55); font-family: 'Proxima Nova', -apple-system, Roboto, Arial, sans-serif; font-size: 20px;"">Contem Óleos essenciais BIO</span><br style=""box-sizing: border-box; font-family: 'Proxima Nova', -apple-system, Roboto, Arial, sans-serif; color: rgba(0, 0, 0, 0.55); font-size: 20px;"" /><br style=""box-sizing: border-box; font-family: 'Proxima Nova', -apple-system, Roboto, Arial, sans-serif; color: rgba(0, 0, 0, 0.55); font-size: 20px;"" /><span style=""color: rgba(0, 0, 0, 0.55); font-family: 'Proxima Nova', -apple-system, Roboto, Arial, sans-serif; font-size: 20px;"">Ingredientes ativos:</span><br style=""box-sizing: border-box; font-family: 'Proxima Nova', -apple-system, Roboto, Arial, sans-serif; color: rgba(0, 0, 0, 0.55); font-size: 20px;"" /><span style=""color: rgba(0, 0, 0, 0.55); font-family: 'Proxima Nova', -apple-system, Roboto, Arial, sans-serif; font-size: 20px;"">A base de um blend patenteado de silicones inertes à saúde humana e Óleos essenciais.</span><br style=""box-sizing: border-box; font-family: 'Proxima Nova', -apple-system, Roboto, Arial, sans-serif; color: rgba(0, 0, 0, 0.55); font-size: 20px;"" /><span style=""color: rgba(0, 0, 0, 0.55); font-family: 'Proxima Nova', -apple-system, Roboto, Arial, sans-serif; font-size: 20px;"">Produto vegano com ingredientes provenientes da agricultura biológica.</span><br style=""box-sizing: border-box; font-family: 'Proxima Nova', -apple-system, Roboto, Arial, sans-serif; color: rgba(0, 0, 0, 0.55); font-size: 20px;"" /><br style=""box-sizing: border-box; font-family: 'Proxima Nova', -apple-system, Roboto, Arial, sans-serif; color: rgba(0, 0, 0, 0.55); font-size: 20px;"" /><span style=""color: rgba(0, 0, 0, 0.55); font-family: 'Proxima Nova', -apple-system, Roboto, Arial, sans-serif; font-size: 20px;"">O que é:</span><br style=""box-sizing: border-box; font-family: 'Proxima Nova', -apple-system, Roboto, Arial, sans-serif; color: rgba(0, 0, 0, 0.55); font-size: 20px;"" /><span style=""color: rgba(0, 0, 0, 0.55); font-family: 'Proxima Nova', -apple-system, Roboto, Arial, sans-serif; font-size: 20px;"">A palavra BLISS possui um significado muito amplo, podendo ser traduzido por alegria e felicidade.</span><br style=""box-sizing: border-box; font-family: 'Proxima Nova', -apple-system, Roboto, Arial, sans-serif; color: rgba(0, 0, 0, 0.55); font-size: 20px;"" /><span style=""color: rgba(0, 0, 0, 0.55); font-family: 'Proxima Nova', -apple-system, Roboto, Arial, sans-serif; font-size: 20px;"">Mas também é sinônimo de: prazer, bem estar, deleite, diversão, conforto, satisfação e animação.</span><br style=""box-sizing: border-box; font-family: 'Proxima Nova', -apple-system, Roboto, Arial, sans-serif; color: rgba(0, 0, 0, 0.55); font-size: 20px;"" /><span style=""color: rgba(0, 0, 0, 0.55); font-family: 'Proxima Nova', -apple-system, Roboto, Arial, sans-serif; font-size: 20px;"">BLISS representa o alivio que as crianças sentem, ao não terem mais o enorme desconforto dos piolhos em suas cabeças.</span><br style=""box-sizing: border-box; font-family: 'Proxima Nova', -apple-system, Roboto, Arial, sans-serif; color: rgba(0, 0, 0, 0.55); font-size: 20px;"" /><span style=""color: rgba(0, 0, 0, 0.55); font-family: 'Proxima Nova', -apple-system, Roboto, Arial, sans-serif; font-size: 20px;"">XÔ PIOLHO® BLISS é uma solução completa na forma de um KIT muito fácil e rápido de seu usar, totalmente seguro e isento de ingredientes tóxicos ou agressivos, que elimina e extingue a totalidade dos piolhos e lêndeas numa única aplicação e de forma natural.</span><br style=""box-sizing: border-box; font-family: 'Proxima Nova', -apple-system, Roboto, Arial, sans-serif; color: rgba(0, 0, 0, 0.55); font-size: 20px;"" /><span style=""color: rgba(0, 0, 0, 0.55); font-family: 'Proxima Nova', -apple-system, Roboto, Arial, sans-serif; font-size: 20px;"">O KIT é composto por um pente fino grátis e pela Loção XÔ PIOLHO® BLISS a base de puro Óleo Essencial de Lavanda, reconhecido cientificamente no mundo inteiro como o maior inimigo dos piolhos, e por um blend patenteado de silicones inertes especiais que criam uma película ao redor de cada piolho e lêndea impedindo que eles respirem, matando-os sufocados. Simples assim.</span><br style=""box-sizing: border-box; font-family: 'Proxima Nova', -apple-system, Roboto, Arial, sans-serif; color: rgba(0, 0, 0, 0.55); font-size: 20px;"" /><span style=""color: rgba(0, 0, 0, 0.55); font-family: 'Proxima Nova', -apple-system, Roboto, Arial, sans-serif; font-size: 20px;"">Nada de venenos ou ingredientes tóxicos que danificam a saúde de nossas crianças.</span><br style=""box-sizing: border-box; font-family: 'Proxima Nova', -apple-system, Roboto, Arial, sans-serif; color: rgba(0, 0, 0, 0.55); font-size: 20px;"" /><br style=""box-sizing: border-box; font-family: 'Proxima Nova', -apple-system, Roboto, Arial, sans-serif; color: rgba(0, 0, 0, 0.55); font-size: 20px;"" /><br style=""box-sizing: border-box; font-family: 'Proxima Nova', -apple-system, Roboto, Arial, sans-serif; color: rgba(0, 0, 0, 0.55); font-size: 20px;"" /><span style=""color: rgba(0, 0, 0, 0.55); font-family: 'Proxima Nova', -apple-system, Roboto, Arial, sans-serif; font-size: 20px;"">Porque usar:</span><br style=""box-sizing: border-box; font-family: 'Proxima Nova', -apple-system, Roboto, Arial, sans-serif; color: rgba(0, 0, 0, 0.55); font-size: 20px;"" /><br style=""box-sizing: border-box; font-family: 'Proxima Nova', -apple-system, Roboto, Arial, sans-serif; color: rgba(0, 0, 0, 0.55); font-size: 20px;"" /><span style=""color: rgba(0, 0, 0, 0.55); font-family: 'Proxima Nova', -apple-system, Roboto, Arial, sans-serif; font-size: 20px;"">XÔ PIOLHO® BLISS atua de forma mais completa e abrangente, e com muito mais praticidade e eficiência, que o resto dos produtos para combate dos piolhos e lêndeas:</span><br style=""box-sizing: border-box; font-family: 'Proxima Nova', -apple-system, Roboto, Arial, sans-serif; color: rgba(0, 0, 0, 0.55); font-size: 20px;"" /><br style=""box-sizing: border-box; font-family: 'Proxima Nova', -apple-system, Roboto, Arial, sans-serif; color: rgba(0, 0, 0, 0.55); font-size: 20px;"" /><span style=""color: rgba(0, 0, 0, 0.55); font-family: 'Proxima Nova', -apple-system, Roboto, Arial, sans-serif; font-size: 20px;"">Chega onde os pentes finos de aço não alcançam, alem de ajudar a “desgrudar” as lêndeas dos fios que são removidas com enorme facilidade;</span><br style=""box-sizing: border-box; font-family: 'Proxima Nova', -apple-system, Roboto, Arial, sans-serif; color: rgba(0, 0, 0, 0.55); font-size: 20px;"" /><br style=""box-sizing: border-box; font-family: 'Proxima Nova', -apple-system, Roboto, Arial, sans-serif; color: rgba(0, 0, 0, 0.55); font-size: 20px;"" /><span style=""color: rgba(0, 0, 0, 0.55); font-family: 'Proxima Nova', -apple-system, Roboto, Arial, sans-serif; font-size: 20px;"">Isento de ingredientes tóxicos, ao contrário dos produtos encontrados em farmácias;</span><br style=""box-sizing: border-box; font-family: 'Proxima Nova', -apple-system, Roboto, Arial, sans-serif; color: rgba(0, 0, 0, 0.55); font-size: 20px;"" /><br style=""box-sizing: border-box; font-family: 'Proxima Nova', -apple-system, Roboto, Arial, sans-serif; color: rgba(0, 0, 0, 0.55); font-size: 20px;"" /><span style=""color: rgba(0, 0, 0, 0.55); font-family: 'Proxima Nova', -apple-system, Roboto, Arial, sans-serif; font-size: 20px;"">Consegue eliminar mesmo as menores lêndeas, algo impossível para remoção de forma apenas mecânica;</span><br style=""box-sizing: border-box; font-family: 'Proxima Nova', -apple-system, Roboto, Arial, sans-serif; color: rgba(0, 0, 0, 0.55); font-size: 20px;"" /><br style=""box-sizing: border-box; font-family: 'Proxima Nova', -apple-system, Roboto, Arial, sans-serif; color: rgba(0, 0, 0, 0.55); font-size: 20px;"" /><span style=""color: rgba(0, 0, 0, 0.55); font-family: 'Proxima Nova', -apple-system, Roboto, Arial, sans-serif; font-size: 20px;"">Hipoalergenico, dermatologicamente &amp; clinicamente testado,</span><br style=""box-sizing: border-box; font-family: 'Proxima Nova', -apple-system, Roboto, Arial, sans-serif; color: rgba(0, 0, 0, 0.55); font-size: 20px;"" /><br style=""box-sizing: border-box; font-family: 'Proxima Nova', -apple-system, Roboto, Arial, sans-serif; color: rgba(0, 0, 0, 0.55); font-size: 20px;"" /><span style=""color: rgba(0, 0, 0, 0.55); font-family: 'Proxima Nova', -apple-system, Roboto, Arial, sans-serif; font-size: 20px;"">Produzida com ingredientes veganos e provenientes da agricultura BIO;</span><br style=""box-sizing: border-box; font-family: 'Proxima Nova', -apple-system, Roboto, Arial, sans-serif; color: rgba(0, 0, 0, 0.55); font-size: 20px;"" /><br style=""box-sizing: border-box; font-family: 'Proxima Nova', -apple-system, Roboto, Arial, sans-serif; color: rgba(0, 0, 0, 0.55); font-size: 20px;"" /><span style=""color: rgba(0, 0, 0, 0.55); font-family: 'Proxima Nova', -apple-system, Roboto, Arial, sans-serif; font-size: 20px;"">Absolutamente inofensiva à saúde das crianças;</span><br style=""box-sizing: border-box; font-family: 'Proxima Nova', -apple-system, Roboto, Arial, sans-serif; color: rgba(0, 0, 0, 0.55); font-size: 20px;"" /><br style=""box-sizing: border-box; font-family: 'Proxima Nova', -apple-system, Roboto, Arial, sans-serif; color: rgba(0, 0, 0, 0.55); font-size: 20px;"" /><span style=""color: rgba(0, 0, 0, 0.55); font-family: 'Proxima Nova', -apple-system, Roboto, Arial, sans-serif; font-size: 20px;"">Para todas idades;</span><br style=""box-sizing: border-box; font-family: 'Proxima Nova', -apple-system, Roboto, Arial, sans-serif; color: rgba(0, 0, 0, 0.55); font-size: 20px;"" /><br style=""box-sizing: border-box; font-family: 'Proxima Nova', -apple-system, Roboto, Arial, sans-serif; color: rgba(0, 0, 0, 0.55); font-size: 20px;"" /><span style=""color: rgba(0, 0, 0, 0.55); font-family: 'Proxima Nova', -apple-system, Roboto, Arial, sans-serif; font-size: 20px;"">Vem com pente fino grátis incluído no kit;</span><br style=""box-sizing: border-box; font-family: 'Proxima Nova', -apple-system, Roboto, Arial, sans-serif; color: rgba(0, 0, 0, 0.55); font-size: 20px;"" /><br style=""box-sizing: border-box; font-family: 'Proxima Nova', -apple-system, Roboto, Arial, sans-serif; color: rgba(0, 0, 0, 0.55); font-size: 20px;"" /><br style=""box-sizing: border-box; font-family: 'Proxima Nova', -apple-system, Roboto, Arial, sans-serif; color: rgba(0, 0, 0, 0.55); font-size: 20px;"" /><span style=""color: rgba(0, 0, 0, 0.55); font-family: 'Proxima Nova', -apple-system, Roboto, Arial, sans-serif; font-size: 20px;"">Quais são os benefícios:</span><br style=""box-sizing: border-box; font-family: 'Proxima Nova', -apple-system, Roboto, Arial, sans-serif; color: rgba(0, 0, 0, 0.55); font-size: 20px;"" /><br style=""box-sizing: border-box; font-family: 'Proxima Nova', -apple-system, Roboto, Arial, sans-serif; color: rgba(0, 0, 0, 0.55); font-size: 20px;"" /><span style=""color: rgba(0, 0, 0, 0.55); font-family: 'Proxima Nova', -apple-system, Roboto, Arial, sans-serif; font-size: 20px;"">XÔ PIOLHO® BLISS é 100% isento de ingredientes tóxicos ou agressivos, sendo um produto de uso seguro para crianças de todas idades.</span><br style=""box-sizing: border-box; font-family: 'Proxima Nova', -apple-system, Roboto, Arial, sans-serif; color: rgba(0, 0, 0, 0.55); font-size: 20px;"" /><span style=""color: rgba(0, 0, 0, 0.55); font-family: 'Proxima Nova', -apple-system, Roboto, Arial, sans-serif; font-size: 20px;"">Sua formulação é enriquecida com puro Óleo Essencial de lavanda, que contribui na repelência dos piolhos.</span><br style=""box-sizing: border-box; font-family: 'Proxima Nova', -apple-system, Roboto, Arial, sans-serif; color: rgba(0, 0, 0, 0.55); font-size: 20px;"" /><span style=""color: rgba(0, 0, 0, 0.55); font-family: 'Proxima Nova', -apple-system, Roboto, Arial, sans-serif; font-size: 20px;"">O KIT é completo e possui todo o necessário para livrar até duas crianças das infestações. Loção + pente fino grátis. Não é necessário comprar mais nada.</span><br style=""box-sizing: border-box; font-family: 'Proxima Nova', -apple-system, Roboto, Arial, sans-serif; color: rgba(0, 0, 0, 0.55); font-size: 20px;"" /><span style=""color: rgba(0, 0, 0, 0.55); font-family: 'Proxima Nova', -apple-system, Roboto, Arial, sans-serif; font-size: 20px;"">Seu uso é de extrema facilidade e sua ação é rápida.</span><br style=""box-sizing: border-box; font-family: 'Proxima Nova', -apple-system, Roboto, Arial, sans-serif; color: rgba(0, 0, 0, 0.55); font-size: 20px;"" /><span style=""color: rgba(0, 0, 0, 0.55); font-family: 'Proxima Nova', -apple-system, Roboto, Arial, sans-serif; font-size: 20px;"">O delicioso aroma da Lavanda permanece nos cabelos, ajudando na repelência de novas infestações.</span><br style=""box-sizing: border-box; font-family: 'Proxima Nova', -apple-system, Roboto, Arial, sans-serif; color: rgba(0, 0, 0, 0.55); font-size: 20px;"" /><span style=""color: rgba(0, 0, 0, 0.55); font-family: 'Proxima Nova', -apple-system, Roboto, Arial, sans-serif; font-size: 20px;"">Não deixa resíduos sobre os cabelos, que podem ser lavados com qualquer tipo de shampoo após a aplicação.</span><br style=""box-sizing: border-box; font-family: 'Proxima Nova', -apple-system, Roboto, Arial, sans-serif; color: rgba(0, 0, 0, 0.55); font-size: 20px;"" /><span style=""color: rgba(0, 0, 0, 0.55); font-family: 'Proxima Nova', -apple-system, Roboto, Arial, sans-serif; font-size: 20px;"">A Loção XÔ PIOLHO® BLISS é dermatologicamente e clinicamente testado.</span><br style=""box-sizing: border-box; font-family: 'Proxima Nova', -apple-system, Roboto, Arial, sans-serif; color: rgba(0, 0, 0, 0.55); font-size: 20px;"" /><span style=""color: rgba(0, 0, 0, 0.55); font-family: 'Proxima Nova', -apple-system, Roboto, Arial, sans-serif; font-size: 20px;"">Produto Hipoalergenico.</span><br style=""box-sizing: border-box; font-family: 'Proxima Nova', -apple-system, Roboto, Arial, sans-serif; color: rgba(0, 0, 0, 0.55); font-size: 20px;"" /><br style=""box-sizing: border-box; font-family: 'Proxima Nova', -apple-system, Roboto, Arial, sans-serif; color: rgba(0, 0, 0, 0.55); font-size: 20px;"" /><span style=""color: rgba(0, 0, 0, 0.55); font-family: 'Proxima Nova', -apple-system, Roboto, Arial, sans-serif; font-size: 20px;"">Modo de uso:</span><br style=""box-sizing: border-box; font-family: 'Proxima Nova', -apple-system, Roboto, Arial, sans-serif; color: rgba(0, 0, 0, 0.55); font-size: 20px;"" /><span style=""color: rgba(0, 0, 0, 0.55); font-family: 'Proxima Nova', -apple-system, Roboto, Arial, sans-serif; font-size: 20px;"">1. Sobre os cabelos secos, desembarace-os com uma escova e goteje o produto diretamente no couro cabeludo e sobre os fios, espalhando uniformemente por toda a extensão dos cabelos. Assegure-se de embeber a totalidade dos cabelos com a Loção Xo Piolho Bliss;</span><br style=""box-sizing: border-box; font-family: 'Proxima Nova', -apple-system, Roboto, Arial, sans-serif; color: rgba(0, 0, 0, 0.55); font-size: 20px;"" /><span style=""color: rgba(0, 0, 0, 0.55); font-family: 'Proxima Nova', -apple-system, Roboto, Arial, sans-serif; font-size: 20px;"">2. Massageie para garantir um ótimo espalhamento do produto em toda a região. Não enxágüe;</span><br style=""box-sizing: border-box; font-family: 'Proxima Nova', -apple-system, Roboto, Arial, sans-serif; color: rgba(0, 0, 0, 0.55); font-size: 20px;"" /><span style=""color: rgba(0, 0, 0, 0.55); font-family: 'Proxima Nova', -apple-system, Roboto, Arial, sans-serif; font-size: 20px;"">3. Deixe uma pausa de 10 minutos com os cabelos em descanso;</span><br style=""box-sizing: border-box; font-family: 'Proxima Nova', -apple-system, Roboto, Arial, sans-serif; color: rgba(0, 0, 0, 0.55); font-size: 20px;"" /><span style=""color: rgba(0, 0, 0, 0.55); font-family: 'Proxima Nova', -apple-system, Roboto, Arial, sans-serif; font-size: 20px;"">4. Após a pausa, deslize o pente removedor de piolhos nos cabelos (incluído no KIT), na direção das raízes para as pontas por diversas vezes, lavando o pente em água corrente para eliminar os piolhos e lêndeas removidas dos cabelos. Certifique-se de verificar com a atenção a presença de piolhos e lêndeas, pois estes deverão ser removidos com a ajuda do pente incluído no KIT;</span><br style=""box-sizing: border-box; font-family: 'Proxima Nova', -apple-system, Roboto, Arial, sans-serif; color: rgba(0, 0, 0, 0.55); font-size: 20px;"" /><span style=""color: rgba(0, 0, 0, 0.55); font-family: 'Proxima Nova', -apple-system, Roboto, Arial, sans-serif; font-size: 20px;"">5. Finalize lavando os cabelos com o shampoo de sua preferência. Uso Externo</span><br style=""box-sizing: border-box; font-family: 'Proxima Nova', -apple-system, Roboto, Arial, sans-serif; color: rgba(0, 0, 0, 0.55); font-size: 20px;"" /><br style=""box-sizing: border-box; font-family: 'Proxima Nova', -apple-system, Roboto, Arial, sans-serif; color: rgba(0, 0, 0, 0.55); font-size: 20px;"" /><span style=""color: rgba(0, 0, 0, 0.55); font-family: 'Proxima Nova', -apple-system, Roboto, Arial, sans-serif; font-size: 20px;"">ANVISA: 25351.864290/2023-68</span><br style=""box-sizing: border-box; font-family: 'Proxima Nova', -apple-system, Roboto, Arial, sans-serif; color: rgba(0, 0, 0, 0.55); font-size: 20px;"" /><br style=""box-sizing: border-box; font-family: 'Proxima Nova', -apple-system, Roboto, Arial, sans-serif; color: rgba(0, 0, 0, 0.55); font-size: 20px;"" /><br style=""box-sizing: border-box; font-family: 'Proxima Nova', -apple-system, Roboto, Arial, sans-serif; color: rgba(0, 0, 0, 0.55); font-size: 20px;"" /><span style=""color: rgba(0, 0, 0, 0.55); font-family: 'Proxima Nova', -apple-system, Roboto, Arial, sans-serif; font-size: 20px;"">Xô Piolho® é marca registrada no Instituto Nacional da Propriedade Industrial e sua formula e método de uso, possuem patente de invenção depositadas no Instituto Nacional da Propriedade Industrial</span><br style=""box-sizing: border-box; font-family: 'Proxima Nova', -apple-system, Roboto, Arial, sans-serif; color: rgba(0, 0, 0, 0.55); font-size: 20px;"" /><span style=""color: rgba(0, 0, 0, 0.55); font-family: 'Proxima Nova', -apple-system, Roboto, Arial, sans-serif; font-size: 20px;"">A REPRODUÇÃO DO PRODUTO EM PARTE OU NO TODO SERÁ PROCESSADO NOS CRITÉRIOS DA LEI 9.279/96 POR INFRAÇÃO DA PROPRIEDADE INDUSTRIAL E INTELECTUAL.</span></p>";"0";"	";"";"0";"NÃO";"NOVO";"NÃO";"";"";"";"Centímetro";"21,950";"0,0000";"0,0000";"0,0000";"Shopee";"";"";"";"";"";"";"";"";"";"";"";"";"";"";"";"";"";"";"";"";"";"";"";"";"";"";"";""
"16351448438";"XPCAP	";"Xo Piolho CAP";"Un";"3808.91.99";"0";"32,950";"0,00";"";"Ativo";"13,0000000000";"32,950";"	7898676712722";"JMD2 Comercial Digital Ltda";"";"0,00";"0,00";"0,10";"0,10";"	7898676712722";"	7898676712722";"12.00";"15.00";"5.30";"";"Xo Piolho CAP";"";"0,00";"";"Terceiros";"";"";"";"";"0,00";"	";"0";"";"LabPharma";"";"0";"<p><span style=""color: rgba(0, 0, 0, 0.55); font-family: 'Proxima Nova', -apple-system, Roboto, Arial, sans-serif; font-size: 20px;"">O Xô Piolho CAP Infantil é a solução ideal para proteger as crianças contra a infestação de piolhos.</span><br style=""box-sizing: border-box; font-family: 'Proxima Nova', -apple-system, Roboto, Arial, sans-serif; color: rgba(0, 0, 0, 0.55); font-size: 20px;"" /><br style=""box-sizing: border-box; font-family: 'Proxima Nova', -apple-system, Roboto, Arial, sans-serif; color: rgba(0, 0, 0, 0.55); font-size: 20px;"" /><span style=""color: rgba(0, 0, 0, 0.55); font-family: 'Proxima Nova', -apple-system, Roboto, Arial, sans-serif; font-size: 20px;"">Com uma touca especialmente desenvolvida para o público infantil, este produto oferece conforto e segurança durante o uso. A embalagem vem acompanhada de um pente removedor, facilitando a remoção de qualquer resíduo indesejado.</span><br style=""box-sizing: border-box; font-family: 'Proxima Nova', -apple-system, Roboto, Arial, sans-serif; color: rgba(0, 0, 0, 0.55); font-size: 20px;"" /><br style=""box-sizing: border-box; font-family: 'Proxima Nova', -apple-system, Roboto, Arial, sans-serif; color: rgba(0, 0, 0, 0.55); font-size: 20px;"" /><span style=""color: rgba(0, 0, 0, 0.55); font-family: 'Proxima Nova', -apple-system, Roboto, Arial, sans-serif; font-size: 20px;"">A linha infantil da marca XO PIOLHO é reconhecida pela sua eficácia e praticidade. A touca é feita com materiais que respeitam a sensibilidade da pele das crianças, garantindo uma experiência tranquila. Além disso, o design lúdico torna o uso mais divertido, incentivando as crianças a se protegerem.</span><br style=""box-sizing: border-box; font-family: 'Proxima Nova', -apple-system, Roboto, Arial, sans-serif; color: rgba(0, 0, 0, 0.55); font-size: 20px;"" /><br style=""box-sizing: border-box; font-family: 'Proxima Nova', -apple-system, Roboto, Arial, sans-serif; color: rgba(0, 0, 0, 0.55); font-size: 20px;"" /><span style=""color: rgba(0, 0, 0, 0.55); font-family: 'Proxima Nova', -apple-system, Roboto, Arial, sans-serif; font-size: 20px;"">Utilizar o Xô Piolho CAP é simples e rápido, ideal para o dia a dia das famílias. Basta colocar a touca e deixar agir conforme as instruções. O pente removedor que acompanha o produto é uma ferramenta essencial para garantir que os piolhos e lêndeas sejam eliminados de forma eficaz.</span><br style=""box-sizing: border-box; font-family: 'Proxima Nova', -apple-system, Roboto, Arial, sans-serif; color: rgba(0, 0, 0, 0.55); font-size: 20px;"" /><br style=""box-sizing: border-box; font-family: 'Proxima Nova', -apple-system, Roboto, Arial, sans-serif; color: rgba(0, 0, 0, 0.55); font-size: 20px;"" /><span style=""color: rgba(0, 0, 0, 0.55); font-family: 'Proxima Nova', -apple-system, Roboto, Arial, sans-serif; font-size: 20px;"">Invista na saúde e bem-estar dos seus filhos com um produto que combina proteção e praticidade. O Xô Piolho CAP Infantil é a escolha certa para quem busca uma solução confiável e fácil de usar. Mantenha a tranquilidade em casa e proteja as crianças de forma eficiente.</span></p>";"0";"	";"";"0";"NÃO";"NOVO";"NÃO";"";"";"";"Centímetro";"32,950";"0,0000";"0,0000";"0,0000";"Shopee";"";"";"";"";"";"";"";"";"";"";"";"";"";"";"";"";"";"";"";"";"";"";"";"";"";"";"";""
